date,discharge_cfs,dyn_temp_c_mean,dyn_temp_c_max,dyn_temp_c_min,dyn_precip_mm,dyn_rh_pct_mean,dyn_cloud_pct_mean,dyn_snow_flag,dyn_source,nohrsc_snowdepth_cm_x,nohrsc_swe_mm_x,nohrsc_snowfall_cm_x,basin_nohrsc_nohrsc_snowdepth_cm,basin_nohrsc_nohrsc_swe_mm,basin_nohrsc_nohrsc_snowfall_cm,nohrsc_snowdepth_cm_y,nohrsc_swe_mm_y,nohrsc_snowfall_cm_y,basin_nohrsc_contributors,basin_nohrsc_signal_weight,site_elev_m,snotel_elev_m,nohrsc_elev_m,basin_snotel_elev_m,basin_nohrsc_elev_m,snotel_minus_site_elev_m,nohrsc_minus_site_elev_m,q_lag1,q_lag2,q_lag3,q_lag7_mean,q_lag14_mean,dyn_precip_lag1,dyn_precip_lag2,dyn_precip_lag3,dyn_precip_lag7_mean,dyn_precip_lag14_mean,target_discharge_cfs,drain_area_sqmi,drain_area_km2,contrib_drain_area_sqmi,contrib_drain_area_km2,site_altitude_ft_usgs,site_altitude_m_usgs,huc_cd,basin_cd_usgs,nearest_dam_distance_km,dams_within_25km,dams_within_50km,dams_within_100km,nearest_reservoir_distance_km,nearest_reservoir_storage_mcm,reservoir_storage_mcm_within_50km,reservoir_storage_mcm_within_100km,static_descriptor_source,has_camels_static,has_hydrobasins_static,event_gate_flag,log_drain_area_sqmi,log_drain_area_km2,specific_discharge_cfs_per_sqmi,specific_target_discharge_cfs_per_sqmi,unit_runoff_mm_day,target_unit_runoff_mm_day,temp_range_c,degree_day_c,freeze_degree_day_c,degree_day_3d,degree_day_7d,freeze_degree_day_7d,warm_day_flag,hard_freeze_flag,precip_3d_mm,precip_7d_mm,precip_14d_mm,precip_30d_mm,precip_intensity_ratio,antecedent_wetness_ratio,rain_on_warm_day_mm,rain_on_warm_3d_mm,snow_event_3d,dryness_index,warm_after_freeze_flag,wet_after_dry_flag,rain_after_freeze_mm,wetness_intensity_interaction,temp_at_snotel_c,temp_at_nohrsc_c,temp_at_basin_snotel_c,temp_at_basin_nohrsc_c,temp_at_upper_basin_c,high_elev_snow_fraction,basin_snow_mm_elev,basin_rain_mm_elev,basin_snow_3d_mm_elev,basin_rain_3d_mm_elev,warm_upper_basin_flag,high_elev_melt_pressure_c,high_elev_melt_3d_c,basin_snowdepth_storage_cm,basin_snowdepth_storage_3d_mean_cm,degree_day_x_nohrsc_sd,degree_day_x_nohrsc_sd_elev,melt_risk_elev,basin_signal_weight,q_change_1d,q_change_3d,q_ratio_1d,q_ratio_7d_mean,runoff_response_index,rising_flow_flag,primed_basin_flag,primed_rain_interaction,primed_melt_interaction,event_gate_strength,extreme_event_flag,extreme_event_strength,station_id,station_name,latitude,longitude,state,snotel_station_id,snotel_distance_km,nohrsc_station_id,nohrsc_distance_km,basin_key,snotel_basin_band,nohrsc_basin_band,snotel_basin_contributors,nohrsc_basin_contributors,station_cluster,station_dataset_schema_version
2026-03-03,21.5,0.58179931640625,4.9328125,-2.0765625,0.0,,,0.0,blend:dynamical+openmeteo,0.0,,,9.564128529773251,0.0,,0.0,,,4,0.48502122814106663,1487.0,,457.20000000000005,,519.1504311684671,,-1029.8,,,,,,,,,,,21.8,,,,,,,,,,0,0,0,,,,,none,0,0,1.0,,,,,,,7.009375,0.58179931640625,0.0,0.58179931640625,0.58179931640625,0.0,1.0,0.0,0.0,0.0,0.0,,,,0.0,0.0,0.0,1.0,0.0,0.0,0.0,0.0,,7.2754993164062505,,6.872821513811214,7.074160415108732,0.0,0.0,0.0,0.0,0.0,1.0,7.074160415108732,7.074160415108732,9.564128529773251,9.564128529773251,5.5644034406435905,67.65817945033402,67.65817945033402,0.48502122814106663,,,,,,0.0,0.0,0.0,0.0,0.33042181186755737,1.0,0.1409545405215292,05014500,Swiftcurrent Creek at Many Glacier MT,48.7988333,-113.6567306,MT,,,MANM8,1.03,swiftcurrent-many,unknown,low,0,4,tributary,2026-04-20-static-v1
2026-03-03,70.0,-0.522998046875,6.609375,-5.684375,0.04007220268249512,,,1.0,blend:dynamical+openmeteo,0.0,19.3548,,0.0,10.433042772223436,0.0,0.0,19.3548,,4,0.18082444040376666,1842.0,,800.4048,,672.927464292426,,-1041.5952,,,,,,,,,,,79.1,,,,,,,,,,0,0,0,,,,,none,0,0,1.0,,,,,,,12.29375,0.0,0.522998046875,0.0,0.0,0.522998046875,1.0,1.0,0.04007220268249512,0.04007220268249512,0.04007220268249512,,1.0,,0.0,0.0,1.0,1.0,0.0,0.0,0.0,0.0,,6.247370753125,,7.07597343522423,6.661672094174615,0.0,0.0,0.04007220268249512,0.0,0.04007220268249512,1.0,6.661672094174615,6.661672094174615,0.0,0.0,0.0,0.0,0.0,0.18082444040376666,,,,,,0.0,0.0,0.0,0.0,0.1502203971147537,0.0,0.00020036101341247559,06024450,Big Hole River bl Big Lake Cr at Wisdom MT,45.61796667,-113.4569417,MT,,,SLMM8,34.71,hole-wisdom,unknown,low,0,4,corridor,2026-04-20-static-v1
2026-03-03,,-1.604949951171875,6.4453125,-7.0875,0.07499456405639648,,,1.0,blend:dynamical+openmeteo,0.0,,0.0,1.5287634824031249,0.0,0.0,0.0,,0.0,4,0.24002315832975402,1798.0,,527.6088,,613.4375971108045,,-1270.3912,,,,,,,,,,,,,,,,,,,,,0,0,0,,,,,none,0,0,1.0,,,,,,,13.5328125,0.0,1.604949951171875,0.0,0.0,1.604949951171875,1.0,1.0,0.07499456405639648,0.07499456405639648,0.07499456405639648,,1.0,,0.0,0.0,1.0,1.0,0.0,0.0,0.0,0.0,,6.6525928488281245,,6.0947056676078954,6.37364925821801,0.0,0.0,0.07499456405639648,0.0,0.07499456405639648,1.0,6.37364925821801,6.37364925821801,1.5287634824031249,1.5287634824031249,0.0,9.743802235609458,9.743802235609458,0.24002315832975402,,,,,,0.0,0.0,0.0,0.0,0.17639594273060208,0.0,0.02067456081113502,06024540,Big Hole River bl Mudd Cr nr Wisdom MT,45.80754167,-113.3132694,MT,,,WRVM8,24.76,hole-mudd,unknown,low,0,4,corridor,2026-04-20-static-v1
2026-03-03,393.0,-0.46904296874999996,6.9875,-6.3375,0.03494247794151306,,,1.0,blend:dynamical+openmeteo,,0.0,,0.0,0.0,0.0,,0.0,,4,0.2113064139447704,1621.0,,664.7688,,620.3518884289865,,-956.2312,,,,,,,,,,,399.0,,,,,,,,,,0,0,0,,,,,none,0,0,1.0,,,,,,,13.325,0.0,0.46904296874999996,0.0,0.0,0.46904296874999996,1.0,1.0,0.03494247794151306,0.03494247794151306,0.03494247794151306,,1.0,,0.0,0.0,1.0,1.0,0.0,0.0,0.0,0.0,,5.746459831249999,,6.035169756461587,5.890814793855793,0.0,0.0,0.03494247794151306,0.0,0.03494247794151306,1.0,5.890814793855793,5.890814793855793,0.0,0.0,0.0,0.0,0.0,0.2113064139447704,,,,,,0.0,0.0,0.0,0.0,0.1501921836286783,0.0,0.0001747123897075653,06025250,Big Hole River at Maiden Rock nr Divide MT,45.7012694,-112.7359694,MT,,,BSCM8,19.84,hole-maiden,unknown,low,0,4,corridor,2026-04-20-static-v1
2026-03-03,434.0,1.757757568359375,8.809375,-2.8609375,0.10028108954429626,,,0.0,blend:dynamical+openmeteo,0.0,0.0,,0.0,0.0,0.0,0.0,0.0,,4,0.201694936837982,1537.0,,772.668,,625.1747760352632,,-764.332,,,,,,,,,,,451.0,,,,,,,,,,0,0,0,,,,,none,0,0,1.0,,,,,,,11.6703125,1.757757568359375,0.0,1.757757568359375,1.757757568359375,0.0,1.0,0.0,0.10028108954429626,0.10028108954429626,0.10028108954429626,,1.0,,0.10028108954429626,0.10028108954429626,0.0,1.0,0.0,0.0,0.0,0.0,,6.725915568359374,,7.684621524130163,7.205268546244769,0.0,0.0,0.10028108954429626,0.0,0.10028108954429626,1.0,7.205268546244769,7.205268546244769,0.0,0.0,0.0,0.0,0.0,0.201694936837982,,,,,,0.0,0.0,0.0,0.0,0.15055154599249362,0.0,0.0005014054477214813,06025500,Big Hole River near Melrose MT,45.52658056,-112.701725,MT,,,MULM8,23.93,hole-melrose,unknown,low,0,4,corridor,2026-04-20-static-v1
2026-03-03,398.0,2.91890869140625,10.38125,-1.154296875,0.04506111145019531,,,0.0,blend:dynamical+openmeteo,0.0,,,0.0,0.0,0.0,0.0,,,4,0.21383984373467096,1482.0,,483.4128,,567.2691386412877,,-998.5871999999999,,,,,,,,,,,418.0,,,,,,,,,,0,0,0,,,,,none,0,0,1.0,,,,,,,11.535546875,2.91890869140625,0.0,2.91890869140625,2.91890869140625,0.0,1.0,0.0,0.04506111145019531,0.04506111145019531,0.04506111145019531,,1.0,,0.04506111145019531,0.04506111145019531,0.0,1.0,0.0,0.0,0.0,0.0,,9.409725491406249,,8.86465929023788,9.137192390822065,0.0,0.0,0.04506111145019531,0.0,0.04506111145019531,1.0,9.137192390822065,9.137192390822065,0.0,0.0,0.0,0.0,0.0,0.21383984373467096,,,,,,0.0,0.0,0.0,0.0,0.15024783611297607,0.0,0.00022530555725097656,06026210,Big Hole River near Glen MT,45.4400944,-112.5560917,MT,,,DLN,20.3,hole-glen,unknown,low,0,4,corridor,2026-04-20-static-v1
2026-03-03,882.0,3.112046813964844,10.05,-1.494140625,0.0,,,0.0,blend:dynamical+openmeteo,,0.0,,0.0,1.8420288018326578,,,0.0,,4,0.19127245102416413,1392.0,,664.7688,,684.4489719957218,,-727.2312,,,,,,,,,,,882.0,,,,,,,,,,0,0,0,,,,,none,0,0,1.0,,,,,,,11.544140625,3.112046813964844,0.0,3.112046813964844,3.112046813964844,0.0,1.0,0.0,0.0,0.0,0.0,,,,0.0,0.0,0.0,1.0,0.0,0.0,0.0,0.0,,7.8390496139648445,,7.711128495992652,7.775089054978748,0.0,0.0,0.0,0.0,0.0,1.0,7.775089054978748,7.775089054978748,0.0,0.0,0.0,0.0,0.0,0.19127245102416413,,,,,,0.0,0.0,0.0,0.0,0.15,0.0,0.0,06026500,"Jefferson River near Twin Bridges, MT",45.613283,-112.329397,MT,,,BSCM8,25.29,jefferson-twin,unknown,low,0,4,corridor,2026-04-20-static-v1
2026-03-03,33.2,2.3617919921875,10.6625,-3.6078125,0.0,,,0.0,blend:dynamical+openmeteo,,,0.0,1.9255161350098964,2.423011316868121,0.0,,,0.0,4,0.4563518573048461,1470.0,,454.76160000000004,,531.3534954618698,,-1015.2384,,,,,,,,,,,35.7,,,,,,,,,,0,0,0,,,,,none,0,0,1.0,,,,,,,14.2703125,2.3617919921875,0.0,2.3617919921875,2.3617919921875,0.0,1.0,0.0,0.0,0.0,0.0,,,,0.0,0.0,0.0,1.0,0.0,0.0,0.0,0.0,,8.9608415921875,,8.462994271685346,8.711917931936423,0.0,0.0,0.0,0.0,0.0,1.0,8.711917931936423,8.711917931936423,1.9255161350098964,1.9255161350098964,4.547668588494198,16.77493854482563,16.77493854482563,0.4563518573048461,,,,,,0.0,0.0,0.0,0.0,0.19473316945286834,0.0,0.0349477886350534,06033000,"Boulder River near Boulder, MT",46.21103056,-112.09165,MT,,,MT-JF-1,3.25,boulder-boulder,unknown,low,0,4,corridor,2026-04-20-static-v1
2026-03-03,23.5,3.7953125,11.94375,-1.64990234375,0.0,,,0.0,blend:dynamical+openmeteo,0.0,0.0,,0.0,2.854527096148385,0.0,0.0,0.0,,4,0.2826702277906643,1448.0,,791.5656,,647.8097928764664,,-656.4344,,,,,,,,,,,23.8,,,,,,,,,,0,0,0,,,,,none,0,0,1.0,,,,,,,13.59365234375,3.7953125,0.0,3.7953125,3.7953125,0.0,1.0,0.0,0.0,0.0,0.0,,,,0.0,0.0,0.0,1.0,0.0,0.0,0.0,0.0,,8.0621361,,8.996548846302968,8.529342473151484,0.0,0.0,0.0,0.0,0.0,1.0,8.529342473151484,8.529342473151484,0.0,0.0,0.0,0.0,0.0,0.2826702277906643,,,,,,0.0,0.0,0.0,0.0,0.15,0.0,0.0,06035000,Willow Creek near Harrison MT,45.723058,-111.741025,MT,,,ABRM8,21.99,willow-harrison,unknown,low,0,4,tributary,2026-04-20-static-v1
2026-03-03,1040.0,4.406494140625,13.025,-1.4103515625,0.0,,,0.0,blend:dynamical+openmeteo,0.0,,,0.0,0.0,0.0,0.0,,,4,0.154683671104747,1243.0,,372.4656,,467.851902804542,,-870.5344,,,,,,,,,,,1030.0,,,,,,,,,,0,0,0,,,,,none,0,0,1.0,,,,,,,14.435351562500001,4.406494140625,0.0,4.406494140625,4.406494140625,0.0,1.0,0.0,0.0,0.0,0.0,,,,0.0,0.0,0.0,1.0,0.0,0.0,0.0,0.0,,10.064967740625,,9.444956772395477,9.75496225651024,0.0,0.0,0.0,0.0,0.0,1.0,9.75496225651024,9.75496225651024,0.0,0.0,0.0,0.0,0.0,0.154683671104747,,,,,,0.0,0.0,0.0,0.0,0.15,0.0,0.0,06036650,Jefferson River near Three Forks MT,45.8971361,-111.5956722,MT,,,TTNM8,26.91,jefferson-three,unknown,low,0,4,corridor,2026-04-20-static-v1
2026-03-03,345.0,-3.328466796875,3.45625,-9.8125,0.27974098920822144,,,1.0,blend:dynamical+openmeteo,0.0,12.9032,,0.0,5.932749434340831,0.0,0.0,12.9032,,4,1.2699642648187204,2023.0,,620.8776,,639.8848719493047,,-1402.1224,,,,,,,,,,,342.0,,,,,,,,,,0,0,0,,,,,none,0,0,1.0,,,,,,,13.26875,0.0,3.328466796875,0.0,0.0,3.328466796875,1.0,1.0,0.27974098920822144,0.27974098920822144,0.27974098920822144,,1.0,,0.0,0.0,1.0,1.0,0.0,0.0,0.0,0.0,,5.785328803124999,,5.661781535454519,5.723555169289759,0.0,0.0,0.27974098920822144,0.0,0.27974098920822144,1.0,5.723555169289759,5.723555169289759,0.0,0.0,0.0,0.0,0.0,1.2699642648187204,,,,,,0.0,0.0,0.0,0.0,0.15153857544064522,0.0,0.0013987049460411072,06037500,"Madison River near West Yellowstone, MT",44.6570722,-111.0679639,MT,,,WYSM8,1.91,madison-madison,unknown,low,0,4,mainstem,2026-04-20-static-v1
2026-03-03,699.0,-2.158837890625,3.388671875,-7.790625,0.3196120262145996,,,1.0,blend:dynamical+openmeteo,6.4516,6.4516,,2.6192680843834237,4.866152570509429,0.0,6.4516,6.4516,,4,0.5256299683131505,1992.0,,729.3864,,743.5122135964556,,-1262.6136000000001,,,,,,,,,,,699.0,,,,,,,,,,0,0,0,,,,,none,0,0,1.0,,,,,,,11.179296875,0.0,2.158837890625,0.0,0.0,2.158837890625,1.0,1.0,0.3196120262145996,0.3196120262145996,0.3196120262145996,,1.0,,0.0,0.0,1.0,1.0,0.0,0.0,0.0,0.0,,6.0481505093750005,,5.95633272099804,6.00224161518652,0.0,0.0,0.3196120262145996,0.0,0.3196120262145996,1.0,6.00224161518652,6.00224161518652,2.6192680843834237,2.6192680843834237,0.0,15.721479897416064,15.721479897416064,0.5256299683131505,,,,,,0.0,0.0,0.0,0.0,0.1936818125372898,0.0,0.034351143250689796,06038500,Madison River bl Hebgen Lake nr Grayling MT,44.86639167,-111.3387806,MT,,,BEVM8,9.37,madison-hebgen,unknown,low,0,4,corridor,2026-04-20-static-v1
2026-03-03,760.0,-1.09813232421875,5.1171875,-6.190625,0.5708277225494385,,,1.0,blend:dynamical+openmeteo,0.0,0.0,,2.9983417837911217,5.5515643964462935,,0.0,0.0,,4,0.3993903598874465,1791.0,,741.8832,,776.0800461570234,,-1049.1168,,,,,,,,,,,761.0,,,,,,,,,,0,0,0,,,,,none,0,0,1.0,,,,,,,11.3078125,0.0,1.09813232421875,0.0,0.0,1.09813232421875,1.0,1.0,0.5708277225494385,0.5708277225494385,0.5708277225494385,,1.0,,0.0,0.0,1.0,1.0,0.0,0.0,0.0,0.0,,5.721126875781249,,5.498847375760597,5.609987125770923,0.0,0.0,0.5708277225494385,0.0,0.5708277225494385,1.0,5.609987125770923,5.609987125770923,2.9983417837911217,2.9983417837911217,0.0,16.820658805729217,16.820658805729217,0.3993903598874465,,,,,,0.0,0.0,0.0,0.0,0.19799464262263317,0.0,0.037897177791349726,06038800,Madison River at Kirby Ranch nr Cameron MT,44.88865556,-111.580886,MT,,,TPEM8,15.33,madison-kirby,unknown,low,0,4,corridor,2026-04-20-static-v1
2026-03-03,911.0,1.24541015625,8.28125,-3.6328125,0.21500587463378906,,,1.0,blend:dynamical+openmeteo,0.0,,0.0,1.3269229365726445,13.002361156795585,0.0,0.0,,0.0,4,0.38830573092481824,1566.0,,460.24800000000005,,583.7018891365076,,-1105.752,,,,,,,,,,,909.0,,,,,,,,,,0,0,0,,,,,none,0,0,1.0,,,,,,,11.9140625,1.24541015625,0.0,1.24541015625,1.24541015625,0.0,1.0,0.0,0.21500587463378906,0.21500587463378906,0.21500587463378906,,1.0,,0.21500587463378906,0.21500587463378906,1.0,1.0,0.0,0.0,0.0,0.0,,8.432798156249998,,7.630347876862701,8.031573016556349,0.0,0.0,0.21500587463378906,0.0,0.21500587463378906,1.0,8.031573016556349,8.031573016556349,1.3269229365726445,1.3269229365726445,1.6525633017686459,10.657278452426564,10.657278452426564,0.38830573092481824,,,,,,0.0,0.0,0.0,0.0,0.1796019415169567,0.0,0.023277692815724286,06040000,Madison River near Cameron MT,45.233133,-111.751633,MT,,,ENSM8,12.21,madison-cameron,unknown,low,0,4,corridor,2026-04-20-static-v1
2026-03-03,1200.0,3.29554443359375,10.59375,-1.19375,0.04988908767700195,,,0.0,blend:dynamical+openmeteo,0.0,,0.0,0.0,3.5692221750860114,0.0,0.0,,0.0,4,0.6723682341375092,1452.0,,439.82640000000004,,509.1448689001542,,-1012.1736,,,,,,,,,,,1210.0,,,,,,,,,,0,0,0,,,,,none,0,0,1.0,,,,,,,11.7875,3.29554443359375,0.0,3.29554443359375,3.29554443359375,0.0,1.0,0.0,0.04988908767700195,0.04988908767700195,0.04988908767700195,,1.0,,0.04988908767700195,0.04988908767700195,0.0,1.0,0.0,0.0,0.0,0.0,,9.874672833593749,,9.424102785742747,9.649387809668248,0.0,0.0,0.04988908767700195,0.0,0.04988908767700195,1.0,9.649387809668248,9.649387809668248,0.0,0.0,0.0,0.0,0.0,0.6723682341375092,,,,,,0.0,0.0,0.0,0.0,0.1502743899822235,0.0,0.00024944543838500977,06041000,Madison River bl Ennis Lake nr McAllister MT,45.490231,-111.634506,MT,,,MADM8,0.31,madison-ennis,unknown,low,0,4,corridor,2026-04-20-static-v1
2026-03-03,204.0,-0.78770751953125,6.8875,-6.75,0.581127405166626,,,1.0,blend:dynamical+openmeteo,0.0,6.4516,,0.0,3.6654124087157887,,0.0,6.4516,,4,0.3240617444094299,1794.0,,821.1312,,773.2893810907445,,-972.8688,,,,,,,,,,,213.0,,,,,,,,,,0,0,0,,,,,none,0,0,1.0,,,,,,,13.6375,0.0,0.78770751953125,0.0,0.0,0.78770751953125,1.0,1.0,0.581127405166626,0.581127405166626,0.581127405166626,,1.0,,0.0,0.0,1.0,1.0,0.0,0.0,0.0,0.0,,5.53593968046875,,5.84691150337891,5.69142559192383,0.0,0.0,0.581127405166626,0.0,0.581127405166626,1.0,5.69142559192383,5.69142559192383,0.0,0.0,0.0,0.0,0.0,0.3240617444094299,,,,,,0.0,0.0,0.0,0.0,0.15319620072841644,0.0,0.00290563702583313,06043120,"Gallatin River above Deer Creek, near Big Sky, MT",45.29727778,-111.2113917,MT,,,BSKM8,17.06,deer-sky,unknown,low,0,4,tributary,2026-04-20-static-v1
2026-03-03,293.0,2.2937255859375,9.96875,-3.75859375,0.11973381042480469,,,0.0,blend:dynamical+openmeteo,0.0,6.4516,,0.0,3.374616547911312,0.0,0.0,6.4516,,4,0.32002544148297896,1578.0,,640.6896,,508.9852961515135,,-937.3104,,,,,,,,,,,295.0,,,,,,,,,,0,0,0,,,,,none,0,0,1.0,,,,,,,13.72734375,2.2937255859375,0.0,2.2937255859375,2.2937255859375,0.0,1.0,0.0,0.11973381042480469,0.11973381042480469,0.11973381042480469,,1.0,,0.11973381042480469,0.11973381042480469,0.0,1.0,0.0,0.0,0.0,0.0,,8.3862431859375,,9.242321160952663,8.814282173445083,0.0,0.0,0.11973381042480469,0.0,0.11973381042480469,1.0,8.814282173445083,8.814282173445083,0.0,0.0,0.0,0.0,0.0,0.32002544148297896,,,,,,0.0,0.0,0.0,0.0,0.15065853595733641,0.0,0.0005986690521240234,06043500,"Gallatin River near Gallatin Gateway, MT",45.4973,-111.2707083,MT,,,LCKM8,23.74,gateway-gateway,unknown,low,0,4,corridor,2026-04-20-static-v1
2026-03-03,40.9,3.830810546875,11.30625,-1.365625,0.0,,,0.0,blend:dynamical+openmeteo,0.0,,,0.0,0.0,0.0,0.0,,,4,0.8884575340787572,1408.0,,455.06640000000004,,448.3652703088978,,-952.9336,,,,,,,,,,,40.1,,,,,,,,,,0,0,0,,,,,none,0,0,1.0,,,,,,,12.671875,3.830810546875,0.0,3.830810546875,3.830810546875,0.0,1.0,0.0,0.0,0.0,0.0,,,,0.0,0.0,0.0,1.0,0.0,0.0,0.0,0.0,,10.024878946874999,,10.068436289867165,10.046657618371082,0.0,0.0,0.0,0.0,0.0,1.0,10.046657618371082,10.046657618371082,0.0,0.0,0.0,0.0,0.0,0.8884575340787572,,,,,,0.0,0.0,0.0,0.0,0.15,0.0,0.0,06048650,E Gallatin R ab Water Reclamation Fa nr Bozeman MT,45.72566667,-111.0661944,MT,,,BZNM8,6.94,water-reclamation,unknown,low,0,4,corridor,2026-04-20-static-v1
2026-03-03,18.8,1.564349365234375,7.7,-2.6359375,0.0997781753540039,,,1.0,blend:dynamical+openmeteo,0.0,6.4516,,0.0,3.304752852669053,0.0,0.0,6.4516,,4,0.7299929940381993,1694.0,,640.6896,,508.9121008506877,,-1053.3103999999998,,,,,,,,,,,18.8,,,,,,,,,,0,0,0,,,,,none,0,0,1.0,,,,,,,10.3359375,1.564349365234375,0.0,1.564349365234375,1.564349365234375,0.0,1.0,0.0,0.0997781753540039,0.0997781753540039,0.0997781753540039,,1.0,,0.0997781753540039,0.0997781753540039,1.0,1.0,0.0,0.0,0.0,0.0,,8.410866965234373,,9.267420709704904,8.839143837469638,0.0,0.0,0.0997781753540039,0.0,0.0997781753540039,1.0,8.839143837469638,8.839143837469638,0.0,0.0,0.0,0.0,0.0,0.7299929940381993,,,,,,0.0,0.0,0.0,0.0,0.15054877996444702,0.0,0.0004988908767700195,06050000,Hyalite C at Hyalite R S nr Bozeman MT,45.56332778,-111.0718889,MT,,,LCKM8,10.54,hyalite-hyalite,unknown,low,0,4,tributary,2026-04-20-static-v1
2026-03-03,631.0,4.256494140625,12.925,-1.5103515625,0.0,,,0.0,blend:dynamical+openmeteo,0.0,,,0.0,6.4516,,0.0,,,4,0.15334998607363057,1246.0,,411.1752,,458.8955948914227,,-834.8248,,,,,,,,,,,628.0,,,,,,,,,,0,0,0,,,,,none,0,0,1.0,,,,,,,14.435351562500001,4.256494140625,0.0,4.256494140625,4.256494140625,0.0,1.0,0.0,0.0,0.0,0.0,,,,0.0,0.0,0.0,1.0,0.0,0.0,0.0,0.0,,9.682855340625,,9.372672773830754,9.527764057227877,0.0,0.0,0.0,0.0,0.0,1.0,9.527764057227877,9.527764057227877,0.0,0.0,0.0,0.0,0.0,0.15334998607363057,,,,,,0.0,0.0,0.0,0.0,0.15,0.0,0.0,06052500,Gallatin River at Logan MT,45.8862472,-111.4420083,MT,,,BZN,24.37,logan-logan,unknown,low,0,4,mainstem,2026-04-20-static-v1
2026-03-03,3040.0,3.8454833984375,11.9375,-1.4599609375,0.0,,,0.0,blend:dynamical+openmeteo,0.0,,,0.0,0.0,0.0,0.0,,,4,0.2662680277030962,1192.0,,372.4656,,402.51156780391716,,-819.5344,,,,,,,,,,,3060.0,,,,,,,,,,0,0,0,,,,,none,0,0,1.0,,,,,,,13.3974609375,3.8454833984375,0.0,3.8454833984375,3.8454833984375,0.0,1.0,0.0,0.0,0.0,0.0,,,,0.0,0.0,0.0,1.0,0.0,0.0,0.0,0.0,,9.1724569984375,,8.977158207712039,9.07480760307477,0.0,0.0,0.0,0.0,0.0,1.0,9.07480760307477,9.07480760307477,0.0,0.0,0.0,0.0,0.0,0.2662680277030962,,,,,,0.0,0.0,0.0,0.0,0.15,0.0,0.0,06054500,Missouri River at Toston MT,46.1465722,-111.4202778,MT,,,TTNM8,9.53,missouri-toston,unknown,low,0,4,corridor,2026-04-20-static-v1
2026-03-03,18.5,3.95533447265625,12.65625,-1.79296875,0.0,,,0.0,blend:dynamical+openmeteo,0.0,,0.0,0.0,0.0,0.0,0.0,,0.0,4,0.5938166529320279,1252.0,,355.39680000000004,,394.1116770094668,,-896.6032,,,,,,,,,,,18.9,,,,,,,,,,0,0,0,,,,,none,0,0,1.0,,,,,,,14.44921875,3.95533447265625,0.0,3.95533447265625,3.95533447265625,0.0,1.0,0.0,0.0,0.0,0.0,,,,0.0,0.0,0.0,1.0,0.0,0.0,0.0,0.0,,9.78325527265625,,9.531608572094715,9.657431922375483,0.0,0.0,0.0,0.0,0.0,1.0,9.657431922375483,9.657431922375483,0.0,0.0,0.0,0.0,0.0,0.5938166529320279,,,,,,0.0,0.0,0.0,0.0,0.15,0.0,0.0,06061500,Prickly Pear Creek near Clancy MT,46.5190972,-111.946786,MT,,,HLN,9.7,prickly-pear,unknown,low,0,4,tributary,2026-04-20-static-v1
2026-03-03,2.56,3.2767486572265625,10.534375,-1.5015625,0.0,,,0.0,blend:dynamical+openmeteo,6.4516,0.0,,3.158390385285095,2.3903916420726845,0.0,6.4516,0.0,,4,0.4229336685161739,1484.0,,609.6,,547.9909795541945,,-874.4,,,,,,,,,,,2.56,,,,,,,,,,0,0,0,,,,,none,0,0,1.0,,,,,,,12.035937500000001,3.2767486572265625,0.0,3.2767486572265625,3.2767486572265625,0.0,1.0,0.0,0.0,0.0,0.0,,,,0.0,0.0,0.0,1.0,0.0,0.0,0.0,0.0,,8.960348657226561,,9.3608072901243,9.16057797367543,0.0,0.0,0.0,0.0,0.0,1.0,9.16057797367543,9.16057797367543,3.158390385285095,3.158390385285095,10.349251453980221,28.932681395710897,28.932681395710897,0.4229336685161739,,,,,,0.0,0.0,0.0,0.0,0.22715381705522905,0.0,0.0602764195743977,06062500,Tenmile Creek near Rimini MT,46.5238972,-112.2566472,MT,,,FRHM8,10.98,tenmile-rimini,unknown,low,0,4,tributary,2026-04-20-static-v1
2026-03-03,4.86,3.65533447265625,11.95625,-1.39296875,0.0,,,0.0,blend:dynamical+openmeteo,,,0.0,0.0,0.0,0.0,,,0.0,4,0.6923832799169091,1208.0,,355.70160000000004,,356.99697018897876,,-852.2983999999999,,,,,,,,,,,5.06,,,,,,,,,,0,0,0,,,,,none,0,0,1.0,,,,,,,13.34921875,3.65533447265625,0.0,3.65533447265625,3.65533447265625,0.0,1.0,0.0,0.0,0.0,0.0,,,,0.0,0.0,0.0,1.0,0.0,0.0,0.0,0.0,,9.19527407265625,,9.186854166427889,9.19106411954207,0.0,0.0,0.0,0.0,0.0,1.0,9.19106411954207,9.19106411954207,0.0,0.0,0.0,0.0,0.0,0.6923832799169091,,,,,,0.0,0.0,0.0,0.0,0.15,0.0,0.0,06063000,Tenmile Creek near Helena MT,46.60500556,-112.0882639,MT,,,MT-LC-14,4.0,tenmile-helena,unknown,low,0,4,tributary,2026-04-20-static-v1
2026-03-03,41.8,4.72847900390625,12.48125,-0.365234375,0.0,,,0.0,blend:dynamical+openmeteo,,,0.0,0.0,0.0,0.0,,,0.0,4,0.1411930536278973,1086.0,,377.3424,,462.1339224702946,,-708.6576,,,,,,,,,,,41.9,,,,,,,,,,0,0,0,,,,,none,0,0,1.0,,,,,,,12.846484375,4.72847900390625,0.0,4.72847900390625,4.72847900390625,0.0,1.0,0.0,0.0,0.0,0.0,,,,0.0,0.0,0.0,1.0,0.0,0.0,0.0,0.0,,9.33475340390625,,8.783608507849335,9.059180955877792,0.0,0.0,0.0,0.0,0.0,1.0,9.059180955877792,9.059180955877792,0.0,0.0,0.0,0.0,0.0,0.1411930536278973,,,,,,0.0,0.0,0.0,0.0,0.15,0.0,0.0,06071300,Little Prickly Pear Cr at Wolf Cr MT,47.0054361,-112.070311,MT,,,MT-LC-4,29.01,prickly-pear,unknown,low,0,4,corridor,2026-04-20-static-v1
2026-03-03,49.1,4.8833984375,12.86875,-0.564453125,0.0,,,0.0,blend:dynamical+openmeteo,0.0,,,0.0,0.0,0.0,0.0,,,4,0.21717197915324293,1159.0,,395.3256,,382.20730337415205,,-763.6744,,,,,,,,,,,48.5,,,,,,,,,,0,0,0,,,,,none,0,0,1.0,,,,,,,13.433203125,4.8833984375,0.0,4.8833984375,4.8833984375,0.0,1.0,0.0,0.0,0.0,0.0,,,,0.0,0.0,0.0,1.0,0.0,0.0,0.0,0.0,,9.847282037500001,,9.932550965568012,9.889916501534007,0.0,0.0,0.0,0.0,0.0,1.0,9.889916501534007,9.889916501534007,0.0,0.0,0.0,0.0,0.0,0.21717197915324293,,,,,,0.0,0.0,0.0,0.0,0.15,0.0,0.0,06073500,Dearborn River near Craig MT,47.199025,-112.0959056,MT,,,BNWM8,13.43,dearborn-craig,unknown,low,0,4,corridor,2026-04-20-static-v1
2026-03-03,3330.0,6.0119140625,14.15625,0.27109375,0.0,,,0.0,blend:dynamical+openmeteo,0.0,0.0,0.0,0.0,0.0,0.0,0.0,0.0,0.0,4,0.7620681548949859,1018.0,,311.2008,,325.26200629756624,,-706.7991999999999,,,,,,,,,,,3260.0,,,,,,,,,,0,0,0,,,,,none,0,0,1.0,,,,,,,13.88515625,6.0119140625,0.0,6.0119140625,6.0119140625,0.0,1.0,0.0,0.0,0.0,0.0,,,,0.0,0.0,0.0,1.0,0.0,0.0,0.0,0.0,,10.6061088625,,10.51471102156582,10.560409942032909,0.0,0.0,0.0,0.0,0.0,1.0,10.560409942032909,10.560409942032909,0.0,0.0,0.0,0.0,0.0,0.7620681548949859,,,,,,0.0,0.0,0.0,0.0,0.15,0.0,0.0,06074000,Missouri River at Cascade MT,47.2694861,-111.6952306,MT,,,MT-CC-21,2.46,missouri-cascade,unknown,low,0,4,corridor,2026-04-20-static-v1
2026-03-03,92.4,3.3096435546875,10.38125,-1.509765625,0.0,,,0.0,blend:dynamical+openmeteo,12.9032,6.4516,,3.4188088298306716,3.3868340554911045,,12.9032,6.4516,,4,0.22739481605633138,1343.0,,623.316,,661.2395056450913,,-719.684,,,,,,,,,,,93.0,,,,,,,,,,0,0,0,,,,,none,0,0,1.0,,,,,,,11.891015625,3.3096435546875,0.0,3.3096435546875,3.3096435546875,0.0,1.0,0.0,0.0,0.0,0.0,,,,0.0,0.0,0.0,1.0,0.0,0.0,0.0,0.0,,7.9875895546875,,7.741086767994406,7.864338161340953,0.0,0.0,0.0,0.0,0.0,1.0,7.864338161340953,7.864338161340953,3.4188088298306716,3.4188088298306716,11.315038608357796,26.88666874676676,26.88666874676676,0.22739481605633138,,,,,,0.0,0.0,0.0,0.0,0.22169778332471135,0.0,0.05601389322243075,06076690,Smith River near Ft Logan MT,46.7958,-111.1785556,MT,,,PCKM8,24.97,smith-logan,unknown,low,0,4,corridor,2026-04-20-static-v1
2026-03-03,131.0,3.3596435546875,10.43125,-1.459765625,0.0,,,0.0,blend:dynamical+openmeteo,0.0,,,3.156017610897964,3.365604927810485,,0.0,,,4,0.21296133102561582,1326.0,,611.124,,660.0495399195866,,-714.876,,,,,,,,,,,133.0,,,,,,,,,,0,0,0,,,,,none,0,0,1.0,,,,,,,11.891015625,3.3596435546875,0.0,3.3596435546875,3.3596435546875,0.0,1.0,0.0,0.0,0.0,0.0,,,,0.0,0.0,0.0,1.0,0.0,0.0,0.0,0.0,,8.0063375546875,,7.688321545210188,7.847329549948844,0.0,0.0,0.0,0.0,0.0,1.0,7.847329549948844,7.847329549948844,3.156017610897964,3.156017610897964,10.603094224933587,24.766310258158548,24.766310258158548,0.21296133102561582,,,,,,0.0,0.0,0.0,0.0,0.2160434940217561,0.0,0.051596479704496975,06077200,Smith River bl Eagle Cr nr Fort Logan MT,46.82798056,-111.1922389,MT,,,STCM8,24.65,smith-eagle,unknown,low,0,4,corridor,2026-04-20-static-v1
2026-03-03,3510.0,7.1873046875,14.8625,1.9125,0.0,,,0.0,blend:dynamical+openmeteo,0.0,,0.0,0.0,,0.0,0.0,,0.0,4,0.9123255060998806,1012.0,,344.42400000000004,,346.0476071658677,,-667.576,,,,,,,,,,,3590.0,,,,,,,,,,0,0,0,,,,,none,0,0,1.0,,,,,,,12.950000000000001,7.1873046875,0.0,7.1873046875,7.1873046875,0.0,1.0,0.0,0.0,0.0,0.0,,,,0.0,0.0,0.0,1.0,0.0,0.0,0.0,0.0,,11.5265486875,,11.51599524092186,11.52127196421093,0.0,0.0,0.0,0.0,0.0,1.0,11.52127196421093,11.52127196421093,0.0,0.0,0.0,0.0,0.0,0.9123255060998806,,,,,,0.0,0.0,0.0,0.0,0.15,0.0,0.0,06078200,Missouri River near Ulm MT,47.43496667,-111.3884444,MT,,,TFX,2.96,missouri-ulm,unknown,low,0,4,corridor,2026-04-20-static-v1
2026-03-03,,1.48291015625,8.8125,-3.39375,0.0,,,0.0,blend:dynamical+openmeteo,0.0,0.0,,0.19602458904892656,0.0,,0.0,0.0,,4,0.21091074039152236,1467.0,,556.26,,535.6588894830015,,-910.74,,,,,,,,,,,,,,,,,,,,,0,0,0,,,,,none,0,0,1.0,,,,,,,12.20625,1.48291015625,0.0,1.48291015625,1.48291015625,0.0,1.0,0.0,0.0,0.0,0.0,,,,0.0,0.0,0.0,1.0,0.0,0.0,0.0,0.0,,7.40272015625,,7.5366273746104895,7.469673765430245,0.0,0.0,0.0,0.0,0.0,1.0,7.469673765430245,7.469673765430245,0.19602458904892656,0.19602458904892656,0.29068685397538574,1.4642397301980115,1.4642397301980115,0.21091074039152236,,,,,,0.0,0.0,0.0,0.0,0.15390463928052803,0.0,0.003050499437912524,06078500,North Fork Sun River near Augusta MT,47.6398611,-112.8593333,MT,,,WODM8,21.55,sun-augusta,unknown,low,0,4,corridor,2026-04-20-static-v1
2026-03-03,,1.53291015625,8.8625,-3.34375,0.0,,,0.0,blend:dynamical+openmeteo,0.0,0.0,,0.19134910637137378,0.0,,0.0,0.0,,4,0.21168716610509006,1453.0,,556.26,,536.1359960372291,,-896.74,,,,,,,,,,,,,,,,,,,,,0,0,0,,,,,none,0,0,1.0,,,,,,,12.20625,1.53291015625,0.0,1.53291015625,1.53291015625,0.0,1.0,0.0,0.0,0.0,0.0,,,,0.0,0.0,0.0,1.0,0.0,0.0,0.0,0.0,,7.36172015625,,7.492526182008011,7.427123169129006,0.0,0.0,0.0,0.0,0.0,1.0,7.427123169129006,7.427123169129006,0.19134910637137378,0.19134910637137378,0.29332098854604044,1.421173381322961,1.421173381322961,0.21168716610509006,,,,,,0.0,0.0,0.0,0.0,0.15378979568352788,0.0,0.002960777877756169,06079000,South Fork Sun River near Augusta MT,47.6286083,-112.865761,MT,,,WODM8,20.4,sun-augusta,unknown,low,0,4,corridor,2026-04-20-static-v1
2026-03-03,121.0,5.94501953125,13.05625,0.5109375,0.0,,,0.0,blend:dynamical+openmeteo,0.0,,,0.0,0.0,0.0,0.0,,,4,0.1801264819916109,1208.0,,395.3256,,413.5239876747277,,-812.6744,,,,,,,,,,,119.0,,,,,,,,,,0,0,0,,,,,none,0,0,1.0,,,,,,,12.5453125,5.94501953125,0.0,5.94501953125,5.94501953125,0.0,1.0,0.0,0.0,0.0,0.0,,,,0.0,0.0,0.0,1.0,0.0,0.0,0.0,0.0,,11.22740313125,,11.109113611364268,11.168258371307134,0.0,0.0,0.0,0.0,0.0,1.0,11.168258371307134,11.168258371307134,0.0,0.0,0.0,0.0,0.0,0.1801264819916109,,,,,,0.0,0.0,0.0,0.0,0.15,0.0,0.0,06082200,Sun River bl Willow Cr nr Augusta MT,47.5471361,-112.3674306,MT,,,BNWM8,30.36,sun-willow,unknown,low,0,4,corridor,2026-04-20-static-v1
2026-03-03,182.0,6.535546875,14.51875,1.146875,0.0,,,0.0,blend:dynamical+openmeteo,,,0.0,0.0,,0.0,,,0.0,4,0.25197517787161516,1083.0,,376.7328,,362.2869712448199,,-706.2672,,,,,,,,,,,162.0,,,,,,,,,,0,0,0,,,,,none,0,0,1.0,,,,,,,13.371875000000001,6.535546875,0.0,6.535546875,6.535546875,0.0,1.0,0.0,0.0,0.0,0.0,,,,0.0,0.0,0.0,1.0,0.0,0.0,0.0,0.0,,11.126283675,,11.22018156190867,11.173232618454335,0.0,0.0,0.0,0.0,0.0,1.0,11.173232618454335,11.173232618454335,0.0,0.0,0.0,0.0,0.0,0.25197517787161516,,,,,,0.0,0.0,0.0,0.0,0.15,0.0,0.0,06085800,Sun River at Simms MT,47.50162778,-111.9319139,MT,,,MT-CC-17,10.99,sun-simms,unknown,low,0,4,corridor,2026-04-20-static-v1
2026-03-03,15.7,6.5873046875,14.4625,0.8125,0.0,,,0.0,blend:dynamical+openmeteo,0.0,,,0.0,,0.0,0.0,,,4,0.3655261519360369,1021.0,,342.59520000000003,,340.20940482666833,,-678.4048,,,,,,,,,,,21.6,,,,,,,,,,0,0,0,,,,,none,0,0,1.0,,,,,,,13.65,6.5873046875,0.0,6.5873046875,6.5873046875,0.0,1.0,0.0,0.0,0.0,0.0,,,,0.0,0.0,0.0,1.0,0.0,0.0,0.0,0.0,,10.9969358875,,11.012443556126655,11.004689721813328,0.0,0.0,0.0,0.0,0.0,1.0,11.004689721813328,11.004689721813328,0.0,0.0,0.0,0.0,0.0,0.3655261519360369,,,,,,0.0,0.0,0.0,0.0,0.15,0.0,0.0,06088500,Muddy Creek at Vaughn MT,47.56126667,-111.54176944,MT,,,BLWM8,15.27,muddy-vaughn,unknown,low,0,4,tributary,2026-04-20-static-v1
2026-03-03,320.0,6.6373046875,14.7125,0.8625,0.0,,,0.0,blend:dynamical+openmeteo,0.0,,0.0,0.0,,0.0,0.0,,0.0,4,0.4493833024596296,1014.0,,339.54720000000003,,340.3084489145435,,-674.4528,,,,,,,,,,,292.0,,,,,,,,,,0,0,0,,,,,none,0,0,1.0,,,,,,,13.85,6.6373046875,0.0,6.6373046875,6.6373046875,0.0,1.0,0.0,0.0,0.0,0.0,,,,0.0,0.0,0.0,1.0,0.0,0.0,0.0,0.0,,11.021247887500001,,11.016299769555467,11.018773828527735,0.0,0.0,0.0,0.0,0.0,1.0,11.018773828527735,11.018773828527735,0.0,0.0,0.0,0.0,0.0,0.4493833024596296,,,,,,0.0,0.0,0.0,0.0,0.15,0.0,0.0,06089000,Sun River near Vaughn MT,47.52577778,-111.511036,MT,,,GTF,11.3,sun-vaughn,unknown,low,0,4,corridor,2026-04-20-static-v1
2026-03-03,3860.0,7.6294921875,15.4125,2.1890625,0.0,,,0.0,blend:dynamical+openmeteo,0.0,,,0.0,,0.0,0.0,,,4,0.2625395953872792,870.0,,308.1528,,333.47869218648077,,-561.8471999999999,,,,,,,,,,,4060.0,,,,,,,,,,0,0,0,,,,,none,0,0,1.0,,,,,,,13.2234375,7.6294921875,0.0,7.6294921875,7.6294921875,0.0,1.0,0.0,0.0,0.0,0.0,,,,0.0,0.0,0.0,1.0,0.0,0.0,0.0,0.0,,11.2814989875,,11.116880688287875,11.199189837893936,0.0,0.0,0.0,0.0,0.0,1.0,11.199189837893936,11.199189837893936,0.0,0.0,0.0,0.0,0.0,0.2625395953872792,,,,,,0.0,0.0,0.0,0.0,0.15,0.0,0.0,06090300,Missouri River near Great Falls MT,47.5844444,-111.0605806,MT,,,HIWM8,16.43,missouri-great,unknown,low,0,4,corridor,2026-04-20-static-v1
2026-03-03,16.2,6.976171875,13.275,2.3703125,0.0,,,0.0,blend:dynamical+openmeteo,0.0,,,0.0,,,0.0,,,4,0.13224430119543545,1210.0,,350.52000000000004,,483.2232478011893,,-859.48,,,,,,,,,,,17.4,,,,,,,,,,0,0,0,,,,,none,0,0,1.0,,,,,,,10.904687500000001,6.976171875,0.0,6.976171875,6.976171875,0.0,1.0,0.0,0.0,0.0,0.0,,,,0.0,0.0,0.0,1.0,0.0,0.0,0.0,0.0,,12.562791875,,11.70022076429227,12.131506319646135,0.0,0.0,0.0,0.0,0.0,1.0,12.131506319646135,12.131506319646135,0.0,0.0,0.0,0.0,0.0,0.13224430119543545,,,,,,0.0,0.0,0.0,0.0,0.15,0.0,0.0,06090500,Belt Creek near Monarch MT,47.20859444,-110.93174722,MT,,,ELTM8,25.19,belt-monarch,unknown,low,0,4,tributary,2026-04-20-static-v1
2026-03-03,4100.0,7.5291015625,16.45625,1.99375,0.0,,,0.0,blend:dynamical+openmeteo,0.0,,0.0,0.0,,0.0,0.0,,0.0,4,0.5805066567726682,797.0,,245.9736,,272.2619030315475,,-551.0264,,,,,,,,,,,4450.0,,,,,,,,,,0,0,0,,,,,none,0,0,1.0,,,,,,,14.4625,7.5291015625,0.0,7.5291015625,7.5291015625,0.0,1.0,0.0,0.0,0.0,0.0,,,,0.0,0.0,0.0,1.0,0.0,0.0,0.0,0.0,,11.1107731625,,10.939899192794941,11.025336177647471,0.0,0.0,0.0,0.0,0.0,1.0,11.025336177647471,11.025336177647471,0.0,0.0,0.0,0.0,0.0,0.5805066567726682,,,,,,0.0,0.0,0.0,0.0,0.15,0.0,0.0,06090800,Missouri River at Fort Benton MT,47.8169111,-110.6661417,MT,,,FTBM8,1.56,missouri-fort,unknown,low,0,4,corridor,2026-04-20-static-v1
2026-03-03,,4.984228515625,10.3625,1.3298828125,0.0,,,0.0,blend:dynamical+openmeteo,0.0,,,6.020167251403423,,,0.0,,,4,0.2344585365932323,1276.0,,449.58000000000004,,459.4853326693767,,-826.42,,,,,,,,,,,191.0,,,,,,,,,,0,0,0,,,,,none,0,0,1.0,,,,,,,9.032617187500001,4.984228515625,0.0,4.984228515625,4.984228515625,0.0,1.0,0.0,0.0,0.0,0.0,,,,0.0,0.0,0.0,1.0,0.0,0.0,0.0,0.0,,10.355958515625,,10.291573853274052,10.323766184449525,0.0,0.0,0.0,0.0,0.0,1.0,10.323766184449525,10.323766184449525,6.020167251403423,6.020167251403423,30.005889283276723,62.150799094769106,62.150799094769106,0.2344585365932323,,,,,,0.0,0.0,0.0,0.0,0.3157354642527176,1.0,0.12948083144743563,06091700,Two Medicine River bl South Fork nr Browning MT,48.42695278,-112.9899833,MT,,,DOGM8,7.64,two-medicine,unknown,low,0,4,corridor,2026-04-20-static-v1
2026-03-03,70.7,6.5404296875,14.18125,1.80625,0.0,,,0.0,blend:dynamical+openmeteo,,,0.0,0.5542475448162381,,0.0,,,0.0,4,0.5081815287885871,1089.0,,348.69120000000004,,351.3513286505776,,-740.3088,,,,,,,,,,,69.8,,,,,,,,,,0,0,0,,,,,none,0,0,1.0,,,,,,,12.375,6.5404296875,0.0,6.5404296875,6.5404296875,0.0,1.0,0.0,0.0,0.0,0.0,,,,0.0,0.0,0.0,1.0,0.0,0.0,0.0,0.0,,11.3524368875,,11.335146051271245,11.343791469385621,0.0,0.0,0.0,0.0,0.0,1.0,11.343791469385621,11.343791469385621,0.5542475448162381,0.5542475448162381,3.62501709634011,6.2872685708143665,6.2872685708143665,0.5081815287885871,,,,,,0.0,0.0,0.0,0.0,0.16676604952217164,0.0,0.013098476189196597,06099000,Cut Bank Creek at Cut Bank MT,48.63340278,-112.3464806,MT,,,MT-GR-6,1.26,cut-bank,unknown,low,0,4,tributary,2026-04-20-static-v1
2026-03-03,,7.4830078125,15.00625,2.64375,0.0,,,0.0,blend:dynamical+openmeteo,0.0,,0.0,0.0,,0.0,0.0,,0.0,4,0.3350053514964481,947.0,,305.1048,,320.15310474446034,,-641.8951999999999,,,,,,,,,,,,,,,,,,,,,0,0,0,,,,,none,0,0,1.0,,,,,,,12.3625,7.4830078125,0.0,7.4830078125,7.4830078125,0.0,1.0,0.0,0.0,0.0,0.0,,,,0.0,0.0,0.0,1.0,0.0,0.0,0.0,0.0,,11.6553266125,,11.557512631661009,11.606419622080505,0.0,0.0,0.0,0.0,0.0,1.0,11.606419622080505,11.606419622080505,0.0,0.0,0.0,0.0,0.0,0.3350053514964481,,,,,,0.0,0.0,0.0,0.0,0.15,0.0,0.0,06099500,Marias River near Shelby MT,48.4271972,-111.889836,MT,,,SLBM8,9.91,marias-shelby,unknown,low,0,4,corridor,2026-04-20-static-v1
2026-03-03,249.0,6.0396484375,15.06875,0.42656249999999996,0.0,,,0.0,blend:dynamical+openmeteo,,,0.0,0.0,,0.0,,,0.0,4,0.25983922272974125,862.0,,276.1488,,275.7797304504654,,-585.8512000000001,,,,,,,,,,,249.0,,,,,,,,,,0,0,0,,,,,none,0,0,1.0,,,,,,,14.6421875,6.0396484375,0.0,6.0396484375,6.0396484375,0.0,1.0,0.0,0.0,0.0,0.0,,,,0.0,0.0,0.0,1.0,0.0,0.0,0.0,0.0,,9.847681237500002,,9.850080189571974,9.848880713535987,0.0,0.0,0.0,0.0,0.0,1.0,9.848880713535987,9.848880713535987,0.0,0.0,0.0,0.0,0.0,0.25983922272974125,,,,,,0.0,0.0,0.0,0.0,0.15,0.0,0.0,06101500,Marias River near Chester MT,48.3059611,-111.0805278,MT,,,MT-LY-4,13.0,marias-chester,unknown,low,0,4,corridor,2026-04-20-static-v1
2026-03-03,18.1,6.79609375,16.55625,0.646875,0.0,,,0.0,blend:dynamical+openmeteo,0.0,,,0.0,,0.0,0.0,,,4,0.4022324932043355,789.0,,255.7272,,269.0466082765701,,-533.2728,,,,,,,,,,,36.8,,,,,,,,,,0,0,0,,,,,none,0,0,1.0,,,,,,,15.909374999999999,6.79609375,0.0,6.79609375,6.79609375,0.0,1.0,0.0,0.0,0.0,0.0,,,,0.0,0.0,0.0,1.0,0.0,0.0,0.0,0.0,,10.26236695,,10.175790796202293,10.219078873101147,0.0,0.0,0.0,0.0,0.0,1.0,10.219078873101147,10.219078873101147,0.0,0.0,0.0,0.0,0.0,0.4022324932043355,,,,,,0.0,0.0,0.0,0.0,0.15,0.0,0.0,06108800,Teton River at Loma MT,47.9327194,-110.5144333,MT,,,LOAM8,2.88,teton-loma,unknown,low,0,4,corridor,2026-04-20-static-v1
2026-03-03,4530.0,6.44814453125,16.51875,0.04140624999999998,0.0,,,0.0,blend:dynamical+openmeteo,0.0,,,0.0,,0.0,0.0,,,4,0.20744516851986552,764.0,,286.2072,,265.7685263500315,,-477.7928,,,,,,,,,,,4710.0,,,,,,,,,,0,0,0,,,,,none,0,0,1.0,,,,,,,16.47734375,6.44814453125,0.0,6.44814453125,6.44814453125,0.0,1.0,0.0,0.0,0.0,0.0,,,,0.0,0.0,0.0,1.0,0.0,0.0,0.0,0.0,,9.55379773125,,9.686649109974795,9.620223420612398,0.0,0.0,0.0,0.0,0.0,1.0,9.620223420612398,9.620223420612398,0.0,0.0,0.0,0.0,0.0,0.20744516851986552,,,,,,0.0,0.0,0.0,0.0,0.15,0.0,0.0,06109500,Missouri River at Virgelle MT,48.0037833,-110.2588222,MT,,,BSEM8,16.92,missouri-virgelle,unknown,low,0,4,corridor,2026-04-20-static-v1
2026-03-03,4.41,4.54638671875,11.3625,-0.3095703125,0.0,,,0.0,blend:dynamical+openmeteo,0.0,,,0.0,0.0,0.0,0.0,,,4,0.23995399668364006,1437.0,,393.4968,,522.4694905184433,,-1043.5032,,,,,,,,,,,4.26,,,,,,,,,,0,0,0,,,,,none,0,0,1.0,,,,,,,11.6720703125,4.54638671875,0.0,4.54638671875,4.54638671875,0.0,1.0,0.0,0.0,0.0,0.0,,,,0.0,0.0,0.0,1.0,0.0,0.0,0.0,0.0,,11.329157518750002,,10.490835030380119,10.90999627456506,0.0,0.0,0.0,0.0,0.0,1.0,10.90999627456506,10.90999627456506,0.0,0.0,0.0,0.0,0.0,0.23995399668364006,,,,,,0.0,0.0,0.0,0.0,0.15,0.0,0.0,06110020,Judith River above Carr Creek near Utica MT,46.9177222,-110.1889444,MT,,,MCIM8,23.74,judith-carr,unknown,low,0,4,tributary,2026-04-20-static-v1
2026-03-03,152.0,5.32099609375,13.2375,0.65390625,0.0,,,0.0,blend:dynamical+openmeteo,0.0,,,0.1851658645060399,,,0.0,,,4,0.2887681298079475,1172.0,,383.4384,,379.4773189365272,,-788.5616,,,,,,,,,,,152.0,,,,,,,,,,0,0,0,,,,,none,0,0,1.0,,,,,,,12.58359375,5.32099609375,0.0,5.32099609375,5.32099609375,0.0,1.0,0.0,0.0,0.0,0.0,,,,0.0,0.0,0.0,1.0,0.0,0.0,0.0,0.0,,10.446646493749999,,10.472393520662575,10.459520007206287,0.0,0.0,0.0,0.0,0.0,1.0,10.459520007206287,10.459520007206287,0.1851658645060399,0.1851658645060399,0.98526684173248,1.9367460644525727,1.9367460644525727,0.2887681298079475,,,,,,0.0,0.0,0.0,0.0,0.15516465617187353,0.0,0.004034887634276193,06111800,Big Spring Cr at R&B Trading Post nr Lewistown MT,47.0878333,-109.4575,MT,,,LWT,4.3,spring-trading,unknown,low,0,4,corridor,2026-04-20-static-v1
2026-03-03,426.0,6.25703125,16.0375,-0.380078125,0.0,,,0.0,blend:dynamical+openmeteo,0.45211999999999997,,,0.13940459325575472,,,0.45211999999999997,,,4,0.11367602350545022,761.0,,335.28000000000003,,325.10079618555454,,-425.71999999999997,,,,,,,,,,,423.0,,,,,,,,,,0,0,0,,,,,none,0,0,1.0,,,,,,,16.417578125000002,6.25703125,0.0,6.25703125,6.25703125,0.0,1.0,0.0,0.0,0.0,0.0,,,,0.0,0.0,0.0,1.0,0.0,0.0,0.0,0.0,,9.02421125,,9.090376074793895,9.057293662396948,0.0,0.0,0.0,0.0,0.0,1.0,9.057293662396948,9.057293662396948,0.13940459325575472,0.13940459325575472,0.8722588963947965,1.2626283390043715,1.2626283390043715,0.11367602350545022,,,,,,0.0,0.0,0.0,0.0,0.15336700890401164,0.0,0.0026304757062591074,06114700,"Judith River nr mouth, nr Winifred MT",47.6651583,-109.6520139,MT,,,CSTM8,28.53,judith-mouth,unknown,low,0,4,corridor,2026-04-20-static-v1
2026-03-03,,6.7201171875,15.625,1.32421875,0.0,,,0.0,blend:dynamical+openmeteo,0.0,,,0.0,,0.0,0.0,,,4,0.14075708083518632,689.0,,281.0256,,281.92650189974154,,-407.9744,,,,,,,,,,,,,,,,,,,,,0,0,0,,,,,none,0,0,1.0,,,,,,,14.30078125,6.7201171875,0.0,6.7201171875,6.7201171875,0.0,1.0,0.0,0.0,0.0,0.0,,,,0.0,0.0,0.0,1.0,0.0,0.0,0.0,0.0,,9.3719507875,,9.36609492515168,9.36902285632584,0.0,0.0,0.0,0.0,0.0,1.0,9.36902285632584,9.36902285632584,0.0,0.0,0.0,0.0,0.0,0.14075708083518632,,,,,,0.0,0.0,0.0,0.0,0.15,0.0,0.0,06115200,Missouri River near Landusky MT,47.631431,-108.687744,MT,,,RYOM8,28.08,missouri-landusky,unknown,low,0,4,corridor,2026-04-20-static-v1
2026-03-03,29.6,3.77666015625,10.95,-0.80498046875,0.0,,,0.0,blend:dynamical+openmeteo,0.0,,,0.0,0.0,,0.0,,,4,0.36991629017896704,1421.0,,431.59680000000003,,487.1685654457779,,-989.4032,,,,,,,,,,,27.6,,,,,,,,,,0,0,0,,,,,none,0,0,1.0,,,,,,,11.754980468749999,3.77666015625,0.0,3.77666015625,3.77666015625,0.0,1.0,0.0,0.0,0.0,0.0,,,,0.0,0.0,0.0,1.0,0.0,0.0,0.0,0.0,,10.20778095625,,9.846564480852443,10.02717271855122,0.0,0.0,0.0,0.0,0.0,1.0,10.02717271855122,10.02717271855122,0.0,0.0,0.0,0.0,0.0,0.36991629017896704,,,,,,0.0,0.0,0.0,0.0,0.15,0.0,0.0,06119600,"Musselshell River nr Martinsdale, MT",46.4769583,-110.2489667,MT,,,TWOM8,4.74,musselshell-martinsdale,unknown,low,0,4,corridor,2026-04-20-static-v1
2026-03-03,72.2,5.74453125,13.3625,0.99140625,0.0,,,0.0,blend:dynamical+openmeteo,0.0,,,0.0,,0.0,0.0,,,4,0.20868790330956732,1273.0,,378.8664,,413.4122525767389,,-894.1336,,,,,,,,,,,69.8,,,,,,,,,,0,0,0,,,,,none,0,0,1.0,,,,,,,12.37109375,5.74453125,0.0,5.74453125,5.74453125,0.0,1.0,0.0,0.0,0.0,0.0,,,,0.0,0.0,0.0,1.0,0.0,0.0,0.0,0.0,,11.55639965,,11.331851608251197,11.444125629125597,0.0,0.0,0.0,0.0,0.0,1.0,11.444125629125597,11.444125629125597,0.0,0.0,0.0,0.0,0.0,0.20868790330956732,,,,,,0.0,0.0,0.0,0.0,0.15,0.0,0.0,06120500,Musselshell River at Harlowton MT,46.4288,-109.8411944,MT,,,HWTM8,10.91,musselshell-harlowton,unknown,low,0,4,corridor,2026-04-20-static-v1
2026-03-03,45.6,5.8740234375,15.43125,-0.3179687499999999,0.0,,,0.0,blend:dynamical+openmeteo,0.0,0.0,0.0,1.2034687535756987,0.0,0.0,0.0,0.0,0.0,4,0.3414389433126041,976.0,,292.608,,320.01727115059896,,-683.392,,,,,,,,,,,43.2,,,,,,,,,,0,0,0,,,,,none,0,0,1.0,,,,,,,15.74921875,5.8740234375,0.0,5.8740234375,5.8740234375,0.0,1.0,0.0,0.0,0.0,0.0,,,,0.0,0.0,0.0,1.0,0.0,0.0,0.0,0.0,,10.3160714375,,10.137911175021106,10.226991306260553,0.0,0.0,0.0,0.0,0.0,1.0,10.226991306260553,10.226991306260553,1.2034687535756987,1.2034687535756987,7.069203664802566,12.307864480174894,12.307864480174894,0.3414389433126041,,,,,,0.0,0.0,0.0,0.0,0.18282097194713304,0.0,0.025641384333697694,06126500,Musselshell River near Roundup MT,46.4277194,-108.5701028,MT,,,MT-MH-4,13.02,musselshell-roundup,unknown,low,0,4,corridor,2026-04-20-static-v1
2026-03-03,11.1,6.781640625,16.825,0.62578125,0.0,,,0.0,blend:dynamical+openmeteo,0.0,,,0.21799969140240036,,,0.0,,,4,0.18877329598565173,779.0,,259.38480000000004,,276.64617023050073,,-519.6152,,,,,,,,,,,12.8,,,,,,,,,,0,0,0,,,,,none,0,0,1.0,,,,,,,16.19921875,6.781640625,0.0,6.781640625,6.781640625,0.0,1.0,0.0,0.0,0.0,0.0,,,,0.0,0.0,0.0,1.0,0.0,0.0,0.0,0.0,,10.159139425,,10.046940518501746,10.103039971750873,0.0,0.0,0.0,0.0,0.0,1.0,10.103039971750873,10.103039971750873,0.21799969140240036,0.21799969140240036,1.4783955634519814,2.202459596067806,2.202459596067806,0.18877329598565173,,,,,,0.0,0.0,0.0,0.0,0.15587322558951414,0.0,0.004588457491807929,06130000,Flatwillow Creek near Mosby MT,46.9286611,-107.9328417,MT,,,MOYM8,16.3,flatwillow-mosby,unknown,low,0,4,tributary,2026-04-20-static-v1
2026-03-03,109.0,6.581640625,16.725,0.42578125,0.0,,,0.0,blend:dynamical+openmeteo,0.0,,,0.2802745994280758,,,0.0,,,4,0.18870212362478078,760.0,,277.9776,,279.2027778055556,,-482.0224,,,,,,,,,,,107.0,,,,,,,,,,0,0,0,,,,,none,0,0,1.0,,,,,,,16.29921875,6.581640625,0.0,6.581640625,6.581640625,0.0,1.0,0.0,0.0,0.0,0.0,,,,0.0,0.0,0.0,1.0,0.0,0.0,0.0,0.0,,9.714786225000001,,9.706822569263888,9.710804397131945,0.0,0.0,0.0,0.0,0.0,1.0,9.710804397131945,9.710804397131945,0.2802745994280758,0.2802745994280758,1.8446666897514257,2.721691812530553,2.721691812530553,0.18870212362478078,,,,,,0.0,0.0,0.0,0.0,0.1572578448334148,0.0,0.005670191276105319,06130500,Musselshell River at Mosby MT,46.99469167,-107.8891639,MT,,,MOBM8,17.47,musselshell-mosby,unknown,low,0,4,corridor,2026-04-20-static-v1
2026-03-03,19.4,5.63154296875,14.4375,-0.79609375,0.0,,,0.0,blend:dynamical+openmeteo,0.0,,,1.496366464619852,,,0.0,,,4,0.15832391893515457,810.0,,256.64160000000004,,270.9782251484205,,-553.3584,,,,,,,,,,,19.6,,,,,,,,,,0,0,0,,,,,none,0,0,1.0,,,,,,,15.23359375,5.63154296875,0.0,5.63154296875,5.63154296875,0.0,1.0,0.0,0.0,0.0,0.0,,,,0.0,0.0,0.0,1.0,0.0,0.0,0.0,0.0,,9.22837256875,,9.135184505285267,9.181778537017633,0.0,0.0,0.0,0.0,0.0,1.0,9.181778537017633,9.181778537017633,1.496366464619852,1.496366464619852,8.426852042503223,13.739305488359513,13.739305488359513,0.15832391893515457,,,,,,0.0,0.0,0.0,0.0,0.1866381479689587,0.0,0.028623553100748985,06135000,Milk River at Eastern Crossing of Int Bndry,48.9748194,-110.4217778,MT,,,SMPM8,17.41,milk-eastern,unknown,low,0,4,corridor,2026-04-20-static-v1
2026-03-03,37.5,6.6548828125,15.20625,1.7921875,0.0,,,0.0,blend:dynamical+openmeteo,0.0,,0.0,0.5760833211961427,,0.0,0.0,,0.0,4,0.5603155081106713,755.0,,238.9632,,241.48875086659342,,-516.0368,,,,,,,,,,,36.5,,,,,,,,,,0,0,0,,,,,none,0,0,1.0,,,,,,,13.4140625,6.6548828125,0.0,6.6548828125,6.6548828125,0.0,1.0,0.0,0.0,0.0,0.0,,,,0.0,0.0,0.0,1.0,0.0,0.0,0.0,0.0,,10.0091220125,,9.992705931867143,10.000913972183572,0.0,0.0,0.0,0.0,0.0,1.0,10.000913972183572,10.000913972183572,0.5760833211961427,0.5760833211961427,3.8337669927961273,5.76135973609242,5.76135973609242,0.5603155081106713,,,,,,0.0,0.0,0.0,0.0,0.16536362596291312,0.0,0.012002832783525874,06140500,Milk River at Havre MT,48.5636861,-109.6959556,MT,,,HVR,5.47,milk-havre,unknown,low,0,4,corridor,2026-04-20-static-v1
2026-03-03,107.0,5.9890625,16.375,0.28046875000000004,0.0,,,0.0,blend:dynamical+openmeteo,0.0,,,0.0,,0.0,0.0,,,4,0.1842596285478668,715.0,,227.07600000000002,,249.29747643766913,,-487.924,,,,,,,,,,,110.0,,,,,,,,,,0,0,0,,,,,none,0,0,1.0,,,,,,,16.09453125,5.9890625,0.0,5.9890625,5.9890625,0.0,1.0,0.0,0.0,0.0,0.0,,,,0.0,0.0,0.0,1.0,0.0,0.0,0.0,0.0,,9.1605685,,9.01612890315515,9.088348701577576,0.0,0.0,0.0,0.0,0.0,1.0,9.088348701577576,9.088348701577576,0.0,0.0,0.0,0.0,0.0,0.1842596285478668,,,,,,0.0,0.0,0.0,0.0,0.15,0.0,0.0,06154100,Milk River near Harlem MT,48.48964167,-108.75895,MT,,,SVYM8,14.81,milk-harlem,unknown,low,0,4,corridor,2026-04-20-static-v1
2026-03-03,,6.7955078125,15.4,1.2328125,0.0,,,0.0,blend:dynamical+openmeteo,0.0,,,0.0,,,0.0,,,4,0.14201619627200146,833.0,,313.944,,269.55128079293695,,-519.056,,,,,,,,,,,,,,,,,,,,,0,0,0,,,,,none,0,0,1.0,,,,,,,14.1671875,6.7955078125,0.0,6.7955078125,6.7955078125,0.0,1.0,0.0,0.0,0.0,0.0,,,,0.0,0.0,0.0,1.0,0.0,0.0,0.0,0.0,,10.169371812500001,,10.45792448734591,10.313648149922955,0.0,0.0,0.0,0.0,0.0,1.0,10.313648149922955,10.313648149922955,0.0,0.0,0.0,0.0,0.0,0.14201619627200146,,,,,,0.0,0.0,0.0,0.0,0.15,0.0,0.0,06154400,Peoples Creek near Hays MT,48.2237333,-108.7140528,MT,,,DRYM8,20.92,peoples-hays,unknown,low,0,4,tributary,2026-04-20-static-v1
2026-03-03,37.6,5.33095703125,14.94375,0.0,0.0,,,0.0,blend:dynamical+openmeteo,0.0,,,5.153022718009713,,,0.0,,,4,0.13896858015968988,694.0,,236.5248,,248.0843512602548,,-457.4752,,,,,,,,,,,24.1,,,,,,,,,,0,0,0,,,,,none,0,0,1.0,,,,,,,14.94375,5.33095703125,0.0,5.33095703125,5.33095703125,0.0,1.0,0.0,0.0,0.0,0.0,,,,0.0,0.0,0.0,1.0,0.0,0.0,0.0,0.0,,8.30454583125,,8.229408748058344,8.266977289654172,0.0,0.0,0.0,0.0,0.0,1.0,8.266977289654172,8.266977289654172,5.153022718009713,5.153022718009713,27.470542690764862,42.59992178285831,42.59992178285831,0.13896858015968988,,,,,,0.0,0.0,0.0,0.0,0.26359979142095546,1.0,0.08874983704762147,06155030,Milk River near Dodson MT,48.40277778,-108.2940944,MT,,,WAGM8,18.91,milk-dodson,unknown,low,0,4,corridor,2026-04-20-static-v1
2026-03-03,63.0,5.51669921875,15.08125,-0.30585937500000004,0.0,,,0.0,blend:dynamical+openmeteo,0.0,,,6.981792378149721,,,0.0,,,4,0.11532116121479492,687.0,,236.5248,,240.4761046238488,,-450.4752,,,,,,,,,,,49.6,,,,,,,,,,0,0,0,,,,,none,0,0,1.0,,,,,,,15.387109375000001,5.51669921875,0.0,5.51669921875,5.51669921875,0.0,1.0,0.0,0.0,0.0,0.0,,,,0.0,0.0,0.0,1.0,0.0,0.0,0.0,0.0,,8.44478801875,,8.419104538694983,8.431946278722492,0.0,0.0,0.0,0.0,0.0,1.0,8.431946278722492,8.431946278722492,6.981792378149721,6.981792378149721,38.51644855801327,58.870098261752595,58.870098261752595,0.11532116121479492,,,,,,0.0,0.0,0.0,0.0,0.3069869286980069,1.0,0.1226460380453179,06155500,Milk River at Malta MT,48.3621944,-107.876375,MT,,,WAGM8,22.99,milk-malta,unknown,low,0,4,corridor,2026-04-20-static-v1
2026-03-03,154.0,2.682080078125,12.8875,-2.2859375,0.0,,,0.0,blend:dynamical+openmeteo,0.0,,,0.0,,0.0,0.0,,,4,0.10607162345047445,656.0,,252.3744,,230.38483348226683,,-403.62559999999996,,,,,,,,,,,158.0,,,,,,,,,,0,0,0,,,,,none,0,0,1.0,,,,,,,15.173437499999999,2.682080078125,0.0,2.682080078125,2.682080078125,0.0,1.0,0.0,0.0,0.0,0.0,,,,0.0,0.0,0.0,1.0,0.0,0.0,0.0,0.0,,5.3056464781249995,,5.4485786604902655,5.3771125693076325,0.0,0.0,0.0,0.0,0.0,1.0,5.3771125693076325,5.3771125693076325,0.0,0.0,0.0,0.0,0.0,0.10607162345047445,,,,,,0.0,0.0,0.0,0.0,0.15,0.0,0.0,06164510,Milk River at Juneberg Bridge nr Saco MT,48.50920278,-107.2187556,MT,,,SASM8,27.42,milk-juneberg,unknown,low,0,4,corridor,2026-04-20-static-v1
2026-03-03,8.33,3.082080078125,12.8875,-1.7859375,0.0,,,0.0,blend:dynamical+openmeteo,0.0,,,0.0,,0.0,0.0,,,4,0.13082571664359535,656.0,,252.3744,,229.70292104275208,,-403.62559999999996,,,,,,,,,,,9.17,,,,,,,,,,0,0,0,,,,,none,0,0,1.0,,,,,,,14.673437499999999,3.082080078125,0.0,3.082080078125,3.082080078125,0.0,1.0,0.0,0.0,0.0,0.0,,,,0.0,0.0,0.0,1.0,0.0,0.0,0.0,0.0,,5.705646478125,,5.853011091347112,5.779328784736055,0.0,0.0,0.0,0.0,0.0,1.0,5.779328784736055,5.779328784736055,0.0,0.0,0.0,0.0,0.0,0.13082571664359535,,,,,,0.0,0.0,0.0,0.0,0.15,0.0,0.0,06167500,Beaver Creek near Hinsdale MT,48.4203111,-107.1711389,MT,,,SASM8,21.72,beaver-hinsdale,unknown,low,0,4,tributary,2026-04-20-static-v1
2026-03-03,1.87,0.329815673828125,8.1375,-4.8671875,0.0,,,0.0,blend:dynamical+openmeteo,0.0,,,0.0,,0.0,0.0,,,4,0.07085361524152939,770.0,,289.8648,,260.1295033695129,,-480.1352,,,,,,,,,,,2.25,,,,,,,,,,0,0,0,,,,,none,0,0,1.0,,,,,,,13.0046875,0.329815673828125,0.0,0.329815673828125,0.329815673828125,0.0,1.0,0.0,0.0,0.0,0.0,,,,0.0,0.0,0.0,1.0,0.0,0.0,0.0,0.0,,3.4506944738281247,,3.643973901926291,3.547334187877208,0.0,0.0,0.0,0.0,0.0,1.0,3.547334187877208,3.547334187877208,0.0,0.0,0.0,0.0,0.0,0.07085361524152939,,,,,,0.0,0.0,0.0,0.0,0.15,0.0,0.0,06169500,Rock Creek bl Horse Creek nr int'l boundary,48.969375,-106.8398417,MT,,,OHMM8,38.83,rock-horse,unknown,low,0,4,tributary,2026-04-20-static-v1
2026-03-03,273.0,3.25751953125,13.4125,-1.26484375,0.0,,,0.0,blend:dynamical+openmeteo,0.0,,,0.0,,0.0,0.0,,,4,0.3503826814551082,640.0,,199.644,,211.74094474273338,,-440.356,,,,,,,,,,,275.0,,,,,,,,,,0,0,0,,,,,none,0,0,1.0,,,,,,,14.67734375,3.25751953125,0.0,3.25751953125,3.25751953125,0.0,1.0,0.0,0.0,0.0,0.0,,,,0.0,0.0,0.0,1.0,0.0,0.0,0.0,0.0,,6.119833531249999,,6.041203390422233,6.080518460836116,0.0,0.0,0.0,0.0,0.0,1.0,6.080518460836116,6.080518460836116,0.0,0.0,0.0,0.0,0.0,0.3503826814551082,,,,,,0.0,0.0,0.0,0.0,0.15,0.0,0.0,06172310,Milk River at Tampico MT,48.30790556,-106.8223167,MT,,,TAMM8,6.65,milk-tampico,unknown,low,0,4,corridor,2026-04-20-static-v1
2026-03-03,,2.76572265625,11.3625,-1.4544921875,0.0,,,0.0,blend:dynamical+openmeteo,,,0.0,0.0,,0.0,,,0.0,4,0.4569000773728511,630.0,,192.6336,,206.72552370837562,,-437.3664,,,,,,,,,,,,,,,,,,,,,0,0,0,,,,,none,0,0,1.0,,,,,,,12.8169921875,2.76572265625,0.0,2.76572265625,2.76572265625,0.0,1.0,0.0,0.0,0.0,0.0,,,,0.0,0.0,0.0,1.0,0.0,0.0,0.0,0.0,,5.6086042562500005,,5.517006752145559,5.5628055041977795,0.0,0.0,0.0,0.0,0.0,1.0,5.5628055041977795,5.5628055041977795,0.0,0.0,0.0,0.0,0.0,0.4569000773728511,,,,,,0.0,0.0,0.0,0.0,0.15,0.0,0.0,06174500,Milk River at Nashua MT,48.13005278,-106.3643139,MT,,,MT-VL-5,1.21,milk-nashua,unknown,low,0,4,corridor,2026-04-20-static-v1
2026-03-03,5970.0,2.6859375,12.13125,-1.7595703125,0.0,,,0.0,blend:dynamical+openmeteo,0.0,,,0.8701629533371319,,0.0,0.0,,,4,0.17485865528067884,598.0,,206.3496,,209.3349652309457,,-391.6504,,,,,,,,,,,5990.0,,,,,,,,,,0,0,0,,,,,none,0,0,1.0,,,,,,,13.890820312499999,2.6859375,0.0,2.6859375,2.6859375,0.0,1.0,0.0,0.0,0.0,0.0,,,,0.0,0.0,0.0,1.0,0.0,0.0,0.0,0.0,,5.231665100000001,,5.212260225998853,5.221962662999427,0.0,0.0,0.0,0.0,0.0,1.0,5.221962662999427,5.221962662999427,0.8701629533371319,0.8701629533371319,2.3372033074789527,4.543958453051816,4.543958453051816,0.17485865528067884,,,,,,0.0,0.0,0.0,0.0,0.1621172225414715,0.0,0.009466580110524616,06177000,Missouri River near Wolf Point MT,48.067325,-105.5330972,MT,,,WOFM8,19.32,missouri-wolf,unknown,low,0,4,corridor,2026-04-20-static-v1
2026-03-03,1.86,5.0052734375,14.275,0.2953125,0.0,,,0.0,blend:dynamical+openmeteo,0.0,,,1.6998282362342176,,,0.0,,,4,0.1468317005298412,732.0,,237.1344,,237.16000638040202,,-494.8656,,,,,,,,,,,2.05,,,,,,,,,,0,0,0,,,,,none,0,0,1.0,,,,,,,13.9796875,5.0052734375,0.0,5.0052734375,5.0052734375,0.0,1.0,0.0,0.0,0.0,0.0,,,,0.0,0.0,0.0,1.0,0.0,0.0,0.0,0.0,,8.221899837499999,,8.221733396027386,8.221816616763693,0.0,0.0,0.0,0.0,0.0,1.0,8.221816616763693,8.221816616763693,1.6998282362342176,1.6998282362342176,8.508105119135603,13.97567603831461,13.97567603831461,0.1468317005298412,,,,,,0.0,0.0,0.0,0.0,0.18726846943550562,0.0,0.02911599174648877,06177500,Redwater River at Circle MT,47.4139722,-105.5756444,MT,,,WAYM8,18.91,redwater-circle,unknown,low,0,4,corridor,2026-04-20-static-v1
2026-03-03,2.04,0.748016357421875,9.825,-4.9421875,0.0,,,0.0,blend:dynamical+openmeteo,0.0,,,0.0,,0.0,0.0,,,4,0.11555396695066425,752.0,,226.77120000000002,,236.62447440701098,,-525.2288,,,,,,,,,,,2.03,,,,,,,,,,0,0,0,,,,,none,0,0,1.0,,,,,,,14.767187499999999,0.748016357421875,0.0,0.748016357421875,0.748016357421875,0.0,1.0,0.0,0.0,0.0,0.0,,,,0.0,0.0,0.0,1.0,0.0,0.0,0.0,0.0,,4.162003557421874,,4.097957273776304,4.129980415599089,0.0,0.0,0.0,0.0,0.0,1.0,4.129980415599089,4.129980415599089,0.0,0.0,0.0,0.0,0.0,0.11555396695066425,,,,,,0.0,0.0,0.0,0.0,0.15,0.0,0.0,06178000,Poplar River at international boundary,48.9902861,-105.6969083,MT,,,SCYM8,20.55,poplar-international,unknown,low,0,4,corridor,2026-04-20-static-v1
2026-03-03,55.4,2.090234375,11.4375,-2.71494140625,0.0,,,0.0,blend:dynamical+openmeteo,3.1623,,,2.4655126841133863,,0.0,3.1623,,,4,0.24844002933566162,598.0,,197.8152,,201.07099074563308,,-400.1848,,,,,,,,,,,55.2,,,,,,,,,,0,0,0,,,,,none,0,0,1.0,,,,,,,14.15244140625,2.090234375,0.0,2.090234375,2.090234375,0.0,1.0,0.0,0.0,0.0,0.0,,,,0.0,0.0,0.0,1.0,0.0,0.0,0.0,0.0,,4.691435575,,4.670272935153385,4.680854255076692,0.0,0.0,0.0,0.0,0.0,1.0,4.680854255076692,4.680854255076692,2.4655126841133863,2.4655126841133863,5.153499364332316,11.5407055383777,11.5407055383777,0.24844002933566162,,,,,,0.0,0.0,0.0,0.0,0.1807752147690072,0.0,0.024043136538286877,06181000,Poplar River near Poplar MT,48.11791667,-105.1928167,MT,,,PARM8,6.96,poplar-poplar,unknown,low,0,4,corridor,2026-04-20-static-v1
2026-03-03,22.6,-0.23496093750000002,8.653125,-5.446875,0.0,,,0.0,blend:dynamical+openmeteo,0.0,,,1.370458843881728,,0.0,0.0,,,4,0.15186865185476464,602.0,,238.6584,,227.27644967806847,,-363.34159999999997,,,,,,,,,,,21.1,,,,,,,,,,0,0,0,,,,,none,0,0,1.0,,,,,,,14.1,0.0,0.23496093750000002,0.0,0.0,0.23496093750000002,1.0,1.0,0.0,0.0,0.0,,,,0.0,0.0,0.0,1.0,0.0,0.0,0.0,0.0,,2.1267594625,,2.200742139592555,2.1637508010462776,0.0,0.0,0.0,0.0,0.0,1.0,2.1637508010462776,2.1637508010462776,1.370458843881728,1.370458843881728,0.0,2.9653314212500446,2.9653314212500446,0.15186865185476464,,,,,,0.0,0.0,0.0,0.0,0.15790755045666677,0.0,0.006177773794270926,06183450,Big Muddy Creek near Antelope MT,48.6728972,-104.5120861,MT,,,DOOM8,20.17,muddy-antelope,unknown,low,0,4,tributary,2026-04-20-static-v1
2026-03-03,25.4,1.5069580078125,9.9375,-3.1453125,0.0,,,0.0,blend:dynamical+openmeteo,0.0,,,0.0,,0.0,0.0,,,4,0.2127568670267248,582.0,,193.2432,,200.06072063509555,,-388.7568,,,,,,,,,,,23.4,,,,,,,,,,0,0,0,,,,,none,0,0,1.0,,,,,,,13.0828125,1.5069580078125,0.0,1.5069580078125,1.5069580078125,0.0,1.0,0.0,0.0,0.0,0.0,,,,0.0,0.0,0.0,1.0,0.0,0.0,0.0,0.0,,4.0338772078125,,3.989563323684379,4.01172026574844,0.0,0.0,0.0,0.0,0.0,1.0,4.01172026574844,4.01172026574844,0.0,0.0,0.0,0.0,0.0,0.2127568670267248,,,,,,0.0,0.0,0.0,0.0,0.15,0.0,0.0,06185110,Big Muddy Creek nr mouth nr Culbertson MT,48.16448056,-104.6295194,MT,,,FTKM8,12.38,muddy-mouth,unknown,low,0,4,tributary,2026-04-20-static-v1
2026-03-03,,2.3095947265625,11.26875,-2.13505859375,0.0,,,0.0,blend:dynamical+openmeteo,0.0,,,0.27282727543594476,,0.0,0.0,,,4,0.1567322267589252,573.0,,199.0344,,198.87873970266696,,-373.9656,,,,,,,,,,,,,,,,,,,,,0,0,0,,,,,none,0,0,1.0,,,,,,,13.40380859375,2.3095947265625,0.0,2.3095947265625,2.3095947265625,0.0,1.0,0.0,0.0,0.0,0.0,,,,0.0,0.0,0.0,1.0,0.0,0.0,0.0,0.0,,4.740371126562501,,4.741382918495165,4.740877022528833,0.0,0.0,0.0,0.0,0.0,1.0,4.740877022528833,4.740877022528833,0.27282727543594476,0.27282727543594476,0.6301204366092727,1.2934405612334157,1.2934405612334157,0.1567322267589252,,,,,,0.0,0.0,0.0,0.0,0.15344917482995576,0.0,0.0026946678359029493,06185500,Missouri River near Culbertson MT,48.1235,-104.4733,MT,,,FROM8,15.04,missouri-culbertson,unknown,low,0,4,corridor,2026-04-20-static-v1
2026-03-03,898.0,-1.1044677734375,5.628125,-7.084375,0.31947121024131775,,,1.0,blend:dynamical+openmeteo,0.0,0.0,,0.0,0.0,0.0,0.0,0.0,,4,0.20388573497667584,1548.0,,751.332,,672.6412659880432,,-796.668,,,,,,,,,,,887.0,,,,,,,,,,0,0,0,,,,,none,0,0,1.0,,,,,,,12.712499999999999,0.0,1.1044677734375,0.0,0.0,1.1044677734375,1.0,1.0,0.31947121024131775,0.31947121024131775,0.31947121024131775,,1.0,,0.0,0.0,1.0,1.0,0.0,0.0,0.0,0.0,,4.0738742265625,,4.58536399764022,4.32961911210136,0.0,0.0,0.31947121024131775,0.0,0.31947121024131775,1.0,4.32961911210136,4.32961911210136,0.0,0.0,0.0,0.0,0.0,0.20388573497667584,,,,,,0.0,0.0,0.0,0.0,0.15175709165632725,0.0,0.0015973560512065887,06191500,Yellowstone River at Corwin Springs MT,45.1121194,-110.7936667,MT,,,SHFM8,34.62,corwin-springs,unknown,low,0,4,mainstem,2026-04-20-static-v1
2026-03-03,1290.0,2.792578125,10.175,-2.315625,0.11522769927978516,,,1.0,blend:dynamical+openmeteo,,,0.0,0.0,6.4516,0.0,,,0.0,4,0.4300347434833214,1384.0,,428.5488,,451.54909602996406,,-955.4512,,,,,,,,,,,1270.0,,,,,,,,,,0,0,0,,,,,none,0,0,1.0,,,,,,,12.490625000000001,2.792578125,0.0,2.792578125,2.792578125,0.0,1.0,0.0,0.11522769927978516,0.11522769927978516,0.11522769927978516,,1.0,,0.11522769927978516,0.11522769927978516,1.0,1.0,0.0,0.0,0.0,0.0,,9.003010925,,8.853509000805234,8.928259962902617,0.0,0.0,0.11522769927978516,0.0,0.11522769927978516,1.0,8.928259962902617,8.928259962902617,0.0,0.0,0.0,0.0,0.0,0.4300347434833214,,,,,,0.0,0.0,0.0,0.0,0.15063375234603882,0.0,0.0005761384963989258,06192500,"Yellowstone River near Livingston, MT",45.5972111,-110.5664972,MT,,,MT-PK-14,6.86,livingston-livingston,unknown,low,0,4,mainstem,2026-04-20-static-v1
2026-03-03,,2.645245361328125,8.3625,-0.990234375,0.0,,,0.0,blend:dynamical+openmeteo,0.0,6.4516,,0.0,3.8944393755870617,0.0,0.0,6.4516,,4,0.603316562347253,1831.0,,605.9424,,629.9005415183342,,-1225.0576,,,,,,,,,,,,,,,,,,,,,0,0,0,,,,,none,0,0,1.0,,,,,,,9.352734375,2.645245361328125,0.0,2.645245361328125,2.645245361328125,0.0,1.0,0.0,0.0,0.0,0.0,,,,0.0,0.0,0.0,1.0,0.0,0.0,0.0,0.0,,10.608119761328126,,10.452391841458953,10.53025580139354,0.0,0.0,0.0,0.0,0.0,1.0,10.53025580139354,10.53025580139354,0.0,0.0,0.0,0.0,0.0,0.603316562347253,,,,,,0.0,0.0,0.0,0.0,0.15,0.0,0.0,06192978,"Shields River bl SF Shields River nr Wilsall, MT",46.167125,-110.4919472,MT,,,PRPM8,6.38,shields-shields,unknown,low,0,4,tributary,2026-04-20-static-v1
2026-03-03,101.0,3.76748046875,11.8,-1.869140625,0.0,,,0.0,blend:dynamical+openmeteo,,,0.0,0.0,,0.0,,,0.0,4,0.2935958498282125,1349.0,,428.5488,,418.77960599212463,,-920.4512,,,,,,,,,,,99.5,,,,,,,,,,0,0,0,,,,,none,0,0,1.0,,,,,,,13.669140625,3.76748046875,0.0,3.76748046875,3.76748046875,0.0,1.0,0.0,0.0,0.0,0.0,,,,0.0,0.0,0.0,1.0,0.0,0.0,0.0,0.0,,9.75041326875,,9.81391302980119,9.782163149275595,0.0,0.0,0.0,0.0,0.0,1.0,9.782163149275595,9.782163149275595,0.0,0.0,0.0,0.0,0.0,0.2935958498282125,,,,,,0.0,0.0,0.0,0.0,0.15,0.0,0.0,06195600,Shields River nr Livingston MT,45.7383611,-110.4794694,MT,,,MT-PK-14,11.95,shields-livingston,unknown,low,0,4,tributary,2026-04-20-static-v1
2026-03-03,6.34,1.179833984375,8.3625,-4.88984375,0.20971521735191345,,,0.0,blend:dynamical+openmeteo,0.0,,,0.0,0.0,0.0,0.0,,,4,0.5039703648395807,1878.0,,588.264,,607.12215362032,,-1289.7359999999999,,,,,,,,,,,6.29,,,,,,,,,,0,0,0,,,,,none,0,0,1.0,,,,,,,13.252343750000001,1.179833984375,0.0,1.179833984375,1.179833984375,0.0,1.0,0.0,0.20971521735191345,0.20971521735191345,0.20971521735191345,,1.0,,0.20971521735191345,0.20971521735191345,0.0,1.0,0.0,0.0,0.0,0.0,,9.563117984374998,,9.44053998584292,9.501828985108958,0.0,0.0,0.20971521735191345,0.0,0.20971521735191345,1.0,9.501828985108958,9.501828985108958,0.0,0.0,0.0,0.0,0.0,0.5039703648395807,,,,,,0.0,0.0,0.0,0.0,0.15115343369543552,0.0,0.0010485760867595673,06197800,"East Boulder River bl Dry Fork Cr nr Mcleod, MT",45.5123333,-110.0877222,MT,,,EBMM8,1.12,boulder-dry,unknown,low,0,4,corridor,2026-04-20-static-v1
2026-03-03,129.0,5.14658203125,13.40625,-1.065234375,0.04007220268249512,,,0.0,blend:dynamical+openmeteo,0.0,,,0.19233151241231355,,0.0,0.0,,,4,0.2574032549666575,1242.0,,407.2128,,409.5579059968746,,-834.7872,,,,,,,,,,,129.0,,,,,,,,,,0,0,0,,,,,none,0,0,1.0,,,,,,,14.471484375,5.14658203125,0.0,5.14658203125,5.14658203125,0.0,1.0,0.0,0.04007220268249512,0.04007220268249512,0.04007220268249512,,1.0,,0.04007220268249512,0.04007220268249512,0.0,1.0,0.0,0.0,0.0,0.0,,10.572698831250001,,10.557455642270316,10.565077236760159,0.0,0.0,0.04007220268249512,0.0,0.04007220268249512,1.0,10.565077236760159,10.565077236760159,0.19233151241231355,0.19233151241231355,0.9898499058243494,2.031997283698988,2.031997283698988,0.2574032549666575,,,,,,0.0,0.0,0.0,0.0,0.15563905653795101,0.0,0.004433688687785367,06200000,Boulder River at Big Timber MT,45.8337944,-109.9387056,MT,,,BTSM8,13.28,boulder-timber,unknown,low,0,4,corridor,2026-04-20-static-v1
2026-03-03,79.6,-0.01723403930664058,6.5125,-4.803125,0.5157790064811707,,,1.0,blend:dynamical+openmeteo,0.0,,0.0,0.0,0.0,0.0,0.0,,0.0,4,0.6471312365031698,2005.0,,609.9048,,648.8666374673677,,-1395.0952,,,,,,,,,,,79.7,,,,,,,,,,0,0,0,,,,,none,0,0,1.0,,,,,,,11.315625,0.0,0.01723403930664058,0.0,0.0,0.01723403930664058,1.0,0.0,0.5157790064811707,0.5157790064811707,0.5157790064811707,,1.0,,0.0,0.0,1.0,1.0,0.0,0.0,0.0,0.0,,9.050884760693359,,8.79763281715547,8.924258788924416,0.0,0.0,0.5157790064811707,0.0,0.5157790064811707,1.0,8.924258788924416,8.924258788924416,0.0,0.0,0.0,0.0,0.0,0.6471312365031698,,,,,,0.0,0.0,0.0,0.0,0.15283678453564642,0.0,0.002578895032405853,06204050,West Rosebud Creek near Roscoe MT,45.24323889,-109.7313028,MT,,,MYSM8,0.04,rosebud-roscoe,unknown,low,0,4,tributary,2026-04-20-static-v1
2026-03-03,81.1,0.23276596069335942,6.7625,-4.553125,0.5157790064811707,,,1.0,blend:dynamical+openmeteo,0.0,,0.0,0.0,0.0,0.0,0.0,,0.0,4,0.6461972973674446,1931.0,,609.9048,,633.3998363082616,,-1321.0952,,,,,,,,,,,81.3,,,,,,,,,,0,0,0,,,,,none,0,0,1.0,,,,,,,11.315625,0.23276596069335942,0.0,0.23276596069335942,0.23276596069335942,0.0,1.0,0.0,0.5157790064811707,0.5157790064811707,0.5157790064811707,,1.0,,0.5157790064811707,0.5157790064811707,1.0,1.0,0.0,0.0,0.0,0.0,,8.81988476069336,,8.667167024689661,8.743525892691512,0.0,0.0,0.5157790064811707,0.0,0.5157790064811707,1.0,8.743525892691512,8.743525892691512,0.0,0.0,0.0,0.0,0.0,0.6461972973674446,,,,,,0.0,0.0,0.0,0.0,0.15283678453564642,0.0,0.002578895032405853,06204070,W Rosebud Cr at Emerald Lk Campground nr Roscoe,45.25438735,-109.6998945,MT,,,MYSM8,2.72,rosebud-emerald,unknown,low,0,4,corridor,2026-04-20-static-v1
2026-03-03,265.0,6.0328125,14.0125,0.07968750000000002,0.03492236137390137,,,0.0,blend:dynamical+openmeteo,0.0,,,0.0,0.0,0.0,0.0,,,4,0.2573019614048928,1205.0,,425.5008,,441.85729170371616,,-779.4992,,,,,,,,,,,261.0,,,,,,,,,,0,0,0,,,,,none,0,0,1.0,,,,,,,13.932812499999999,6.0328125,0.0,6.0328125,6.0328125,0.0,1.0,0.0,0.03492236137390137,0.03492236137390137,0.03492236137390137,,1.0,,0.03492236137390137,0.03492236137390137,0.0,1.0,0.0,0.0,0.0,0.0,,11.0995573,,10.993240103925846,11.046398701962923,0.0,0.0,0.03492236137390137,0.0,0.03492236137390137,1.0,11.046398701962923,11.046398701962923,0.0,0.0,0.0,0.0,0.0,0.2573019614048928,,,,,,0.0,0.0,0.0,0.0,0.15019207298755646,0.0,0.00017461180686950684,06205000,"Stillwater River near Absarokee, MT",45.53674167,-109.4220556,MT,,,KEEM8,14.91,stillwater-absarokee,unknown,low,0,4,corridor,2026-04-20-static-v1
2026-03-03,262.0,6.4505859375,13.58125,1.18046875,0.0,,,0.0,blend:dynamical+openmeteo,0.0,,0.0,0.0,0.0,0.0,0.0,,0.0,4,0.3792414350432125,1217.0,,382.8288,,461.83640412048175,,-834.1712,,,,,,,,,,,257.0,,,,,,,,,,0,0,0,,,,,none,0,0,1.0,,,,,,,12.400781250000001,6.4505859375,0.0,6.4505859375,6.4505859375,0.0,1.0,0.0,0.0,0.0,0.0,,,,0.0,0.0,0.0,1.0,0.0,0.0,0.0,0.0,,11.872698737499999,,11.359149310716868,11.615924024108434,0.0,0.0,0.0,0.0,0.0,1.0,11.615924024108434,11.615924024108434,0.0,0.0,0.0,0.0,0.0,0.3792414350432125,,,,,,0.0,0.0,0.0,0.0,0.15,0.0,0.0,06207500,Clarks Fork Yellowstone River nr Belfry MT,45.0099111,-109.0653667,MT,,,CLAW4,9.93,clarks-belfry,unknown,low,0,4,mainstem,2026-04-20-static-v1
2026-03-03,378.0,7.586328125,15.39375,0.79375,0.0,,,0.0,blend:dynamical+openmeteo,,,0.0,0.0,,0.0,,,0.0,4,0.27826682129259156,1048.0,,324.9168,,352.39481897704803,,-723.0832,,,,,,,,,,,377.0,,,,,,,,,,0,0,0,,,,,none,0,0,1.0,,,,,,,14.600000000000001,7.586328125,0.0,7.586328125,7.586328125,0.0,1.0,0.0,0.0,0.0,0.0,,,,0.0,0.0,0.0,1.0,0.0,0.0,0.0,0.0,,12.286368925,,12.107761801649186,12.197065363324594,0.0,0.0,0.0,0.0,0.0,1.0,12.197065363324594,12.197065363324594,0.0,0.0,0.0,0.0,0.0,0.27826682129259156,,,,,,0.0,0.0,0.0,0.0,0.15,0.0,0.0,06208500,Clarks Fork Yellowstone River at Edgar MT,45.46571389,-108.8441056,MT,,,MT-CB-12,5.42,clarks-edgar,unknown,low,0,4,mainstem,2026-04-20-static-v1
2026-03-03,25.4,2.116943359375,8.79375,-3.2140625,0.18014440536499024,,,1.0,blend:dynamical+openmeteo,0.0,0.0,,0.0,0.0,0.0,0.0,0.0,,4,0.5158329670075464,1952.0,,733.9584,,580.6301686429199,,-1218.0416,,,,,,,,,,,25.5,,,,,,,,,,0,0,0,,,,,none,0,0,1.0,,,,,,,12.0078125,2.116943359375,0.0,2.116943359375,2.116943359375,0.0,1.0,0.0,0.18014440536499024,0.18014440536499024,0.18014440536499024,,1.0,,0.18014440536499024,0.18014440536499024,1.0,1.0,0.0,0.0,0.0,0.0,,10.034213759375,,11.030847263196021,10.532530511285511,0.0,0.0,0.18014440536499024,0.0,0.18014440536499024,1.0,10.532530511285511,10.532530511285511,0.0,0.0,0.0,0.0,0.0,0.5158329670075464,,,,,,0.0,0.0,0.0,0.0,0.15099079422950745,0.0,0.0009007220268249511,06209500,Rock Creek near Red Lodge MT,45.0861472,-109.3291889,MT,,,CLCM8,12.06,rock-red,unknown,low,0,4,tributary,2026-04-20-static-v1
2026-03-03,2380.0,7.4673828125,16.11875,1.6265625,0.0,,,0.0,blend:dynamical+openmeteo,0.0,,0.0,0.0,,0.0,0.0,,0.0,4,0.7020207293933125,939.0,,294.132,,303.3086192110616,,-644.8679999999999,,,,,,,,,,,2370.0,,,,,,,,,,0,0,0,,,,,none,0,0,1.0,,,,,,,14.492187499999998,7.4673828125,0.0,7.4673828125,7.4673828125,0.0,1.0,0.0,0.0,0.0,0.0,,,,0.0,0.0,0.0,1.0,0.0,0.0,0.0,0.0,,11.6590248125,,11.599376787628099,11.62920080006405,0.0,0.0,0.0,0.0,0.0,1.0,11.62920080006405,11.62920080006405,0.0,0.0,0.0,0.0,0.0,0.7020207293933125,,,,,,0.0,0.0,0.0,0.0,0.15,0.0,0.0,06214500,Yellowstone River at Billings MT,45.800119,-108.468031,MT,,,MT-YS-14,4.04,billings-billings,unknown,low,0,4,mainstem,2026-04-20-static-v1
2026-03-03,2090.0,7.6625,16.5125,1.96875,0.0,,,0.0,blend:dynamical+openmeteo,0.0,,,0.3239047556055339,,0.0,0.0,,,4,0.16863082472280633,936.0,,355.39680000000004,,299.74455139488384,,-580.6032,,,,,,,,,,,2100.0,,,,,,,,,,0,0,0,,,,,none,0,0,1.0,,,,,,,14.54375,7.6625,0.0,7.6625,7.6625,0.0,1.0,0.0,0.0,0.0,0.0,,,,0.0,0.0,0.0,1.0,0.0,0.0,0.0,0.0,,11.4364208,,11.798160415933255,11.617290607966627,0.0,0.0,0.0,0.0,0.0,1.0,11.617290607966627,11.617290607966627,0.3239047556055339,0.3239047556055339,2.4819201898274033,3.7628956751718947,3.7628956751718947,0.16863082472280633,,,,,,0.0,0.0,0.0,0.0,0.16003438846712503,0.0,0.007839365989941447,06287800,"Bighorn River at bridge, at St. Xavier, MT",45.46075278,-107.7493283,MT,,,LGGM8,25.0,bighorn-bridge,unknown,low,0,4,corridor,2026-04-20-static-v1
2026-03-03,2080.0,7.1373046875,16.475,1.2109375,0.0,,,0.0,blend:dynamical+openmeteo,0.0,,0.0,0.3022589972571252,,0.0,0.0,,0.0,4,0.3599149494574496,894.0,,270.0528,,280.98858690375204,,-623.9472000000001,,,,,,,,,,,2090.0,,,,,,,,,,0,0,0,,,,,none,0,0,1.0,,,,,,,15.264062500000001,7.1373046875,0.0,7.1373046875,7.1373046875,0.0,1.0,0.0,0.0,0.0,0.0,,,,0.0,0.0,0.0,1.0,0.0,0.0,0.0,0.0,,11.1929614875,,11.121878872625611,11.157420180062806,0.0,0.0,0.0,0.0,0.0,1.0,11.157420180062806,11.157420180062806,0.3022589972571252,0.3022589972571252,2.157314557962329,3.3724306356021967,3.3724306356021967,0.3599149494574496,,,,,,0.0,0.0,0.0,0.0,0.15899314836160586,0.0,0.007025897157504577,06288400,"Bighorn River at Two Leggins Bridge, near Hardin",45.6440863,-107.6582164,MT,,,HDNM8,10.55,bighorn-two,unknown,low,0,4,corridor,2026-04-20-static-v1
2026-03-03,66.5,5.368359375,12.65,0.23906249999999996,0.0,,,0.0,blend:dynamical+openmeteo,0.0,0.0,,0.0,0.0,,0.0,0.0,,4,0.25068179602806917,1322.0,,736.7016,,680.4485047264673,,-585.2984,,,,,,,,,,,66.9,,,,,,,,,,0,0,0,,,,,none,0,0,1.0,,,,,,,12.410937500000001,5.368359375,0.0,5.368359375,5.368359375,0.0,1.0,0.0,0.0,0.0,0.0,,,,0.0,0.0,0.0,1.0,0.0,0.0,0.0,0.0,,9.172798975,,9.538444094277963,9.355621534638981,0.0,0.0,0.0,0.0,0.0,1.0,9.355621534638981,9.355621534638981,0.0,0.0,0.0,0.0,0.0,0.25068179602806917,,,,,,0.0,0.0,0.0,0.0,0.15,0.0,0.0,06289000,Little Bighorn River at State Line nr Wyola MT,45.0071111,-107.6154083,MT,,,BRJW4,25.32,bighorn-state,unknown,low,0,4,corridor,2026-04-20-static-v1
2026-03-03,160.5,6.68125,16.24375,0.5109375,0.0,,,0.0,blend:dynamical+openmeteo,,,0.0,0.18476223716856088,,0.0,,,0.0,4,0.6749854520484893,881.0,,268.8336,,273.17326460792884,,-612.1664000000001,,,,,,,,,,,158.5,,,,,,,,,,0,0,0,,,,,none,0,0,1.0,,,,,,,15.732812499999998,6.68125,0.0,6.68125,6.68125,0.0,1.0,0.0,0.0,0.0,0.0,,,,0.0,0.0,0.0,1.0,0.0,0.0,0.0,0.0,,10.660331600000001,,10.632123780048463,10.646227690024233,0.0,0.0,0.0,0.0,0.0,1.0,10.646227690024233,10.646227690024233,0.18476223716856088,0.18476223716856088,1.2344426970824474,1.9670208454147573,1.9670208454147573,0.6749854520484893,,,,,,0.0,0.0,0.0,0.0,0.155245388921106,0.0,0.004097960094614077,06294000,Little Bighorn River near Hardin MT,45.7356861,-107.5574694,MT,,,MT-BH-2,3.46,bighorn-hardin,unknown,low,0,4,corridor,2026-04-20-static-v1
2026-03-03,2230.0,6.3142578125,16.21875,0.3421875,0.0,,,0.0,blend:dynamical+openmeteo,0.0,,,1.0196225648462212,,0.0,0.0,,,4,0.12375280587396756,823.0,,308.7624,,285.24227577664874,,-514.2375999999999,,,,,,,,,,,2240.0,,,,,,,,,,0,0,0,,,,,none,0,0,1.0,,,,,,,15.8765625,6.3142578125,0.0,6.3142578125,6.3142578125,0.0,1.0,0.0,0.0,0.0,0.0,,,,0.0,0.0,0.0,1.0,0.0,0.0,0.0,0.0,,9.6568022125,,9.809683019951784,9.733242616225892,0.0,0.0,0.0,0.0,0.0,1.0,9.733242616225892,9.733242616225892,1.0196225648462212,1.0196225648462212,6.43815974588154,9.924233800626789,9.924233800626789,0.12375280587396756,,,,,,0.0,0.0,0.0,0.0,0.1764646234683381,0.0,0.020675487084639142,06294500,Bighorn River ab Tullock Cr nr Bighorn MT,46.1244722,-107.4687917,MT,,,SPYM8,34.6,bighorn-tullock,unknown,low,0,4,corridor,2026-04-20-static-v1
2026-03-03,4900.0,6.61875,16.25,1.1578125,0.0,,,0.0,blend:dynamical+openmeteo,0.0,,0.0,0.2671339030994696,,0.0,0.0,,0.0,4,0.5701047711086495,764.0,,233.78160000000003,,242.688979685059,,-530.2184,,,,,,,,,,,4930.0,,,,,,,,,,0,0,0,,,,,none,0,0,1.0,,,,,,,15.0921875,6.61875,0.0,6.61875,6.61875,0.0,1.0,0.0,0.0,0.0,0.0,,,,0.0,0.0,0.0,1.0,0.0,0.0,0.0,0.0,,10.0651696,,10.007271632047118,10.03622061602356,0.0,0.0,0.0,0.0,0.0,1.0,10.03622061602356,10.03622061602356,0.2671339030994696,0.2671339030994696,1.7680925211396146,2.6810147855257367,2.6810147855257367,0.5701047711086495,,,,,,0.0,0.0,0.0,0.0,0.15714937276140195,0.0,0.0055854474698452845,06295000,Yellowstone River at Forsyth MT,46.266636,-106.691303,MT,,,FSYM8,1.43,forsyth-forsyth,unknown,low,0,4,mainstem,2026-04-20-static-v1
2026-03-03,4.79,7.0486328125,14.1375,1.4078125,0.0,,,0.0,blend:dynamical+openmeteo,0.0,,,0.1737937794053866,,,0.0,,,4,0.1296370194429296,1153.0,,332.232,,321.0834172771746,,-820.768,,,,,,,,,,,4.61,,,,,,,,,,0,0,0,,,,,none,0,0,1.0,,,,,,,12.729687499999999,7.0486328125,0.0,7.0486328125,7.0486328125,0.0,1.0,0.0,0.0,0.0,0.0,,,,0.0,0.0,0.0,1.0,0.0,0.0,0.0,0.0,,12.3836248125,,12.456090600198365,12.419857706349184,0.0,0.0,0.0,0.0,0.0,1.0,12.419857706349184,12.419857706349184,0.1737937794053866,0.1737937794053866,1.2250085361251948,2.158494010463541,2.158494010463541,0.1296370194429296,,,,,,0.0,0.0,0.0,0.0,0.15575598402790278,0.0,0.004496862521799043,06295113,Rosebud C at Reservation Bndry nr Kirby MT,45.36116667,-106.9903556,MT,,,BUSM8,18.09,rosebud-reservation,unknown,low,0,4,corridor,2026-04-20-static-v1
2026-03-03,11.2,6.75390625,15.10625,1.3828125,0.0,,,0.0,blend:dynamical+openmeteo,0.0,,,0.0,,0.0,0.0,,,4,0.17530868274045283,959.0,,394.4112,,340.05633336207285,,-564.5888,,,,,,,,,,,15.8,,,,,,,,,,0,0,0,,,,,none,0,0,1.0,,,,,,,13.7234375,6.75390625,0.0,6.75390625,6.75390625,0.0,1.0,0.0,0.0,0.0,0.0,,,,0.0,0.0,0.0,1.0,0.0,0.0,0.0,0.0,,10.42373345,,10.777040083146527,10.600386766573264,0.0,0.0,0.0,0.0,0.0,1.0,10.600386766573264,10.600386766573264,0.0,0.0,0.0,0.0,0.0,0.17530868274045283,,,,,,0.0,0.0,0.0,0.0,0.15,0.0,0.0,06295220,Rosebud C Bel Lame Deer C nr Lame Deer MT,45.67582545,-106.700309,MT,,,LMDM8,16.65,rosebud-bel,unknown,low,0,4,corridor,2026-04-20-static-v1
2026-03-03,144.0,6.7251953125,14.49375,0.78359375,0.0,,,0.0,blend:dynamical+openmeteo,0.0,,,0.0,,0.0,0.0,,,4,0.16346754971109323,1049.0,,347.47200000000004,,356.4852902717864,,-701.528,,,,,,,,,,,143.0,,,,,,,,,,0,0,0,,,,,none,0,0,1.0,,,,,,,13.71015625,6.7251953125,0.0,6.7251953125,6.7251953125,0.0,1.0,0.0,0.0,0.0,0.0,,,,0.0,0.0,0.0,1.0,0.0,0.0,0.0,0.0,,11.2851273125,,11.226540925733389,11.255834119116695,0.0,0.0,0.0,0.0,0.0,1.0,11.255834119116695,11.255834119116695,0.0,0.0,0.0,0.0,0.0,0.16346754971109323,,,,,,0.0,0.0,0.0,0.0,0.15,0.0,0.0,06306300,Tongue River at State Line nr Decker MT,45.0091361,-106.8359444,MT,,,SHMW4,18.72,tongue-state,unknown,low,0,4,corridor,2026-04-20-static-v1
2026-03-03,90.7,6.789453125,15.51875,1.0203125,0.0,,,0.0,blend:dynamical+openmeteo,0.0,,,0.13660537556001223,,,0.0,,,4,0.20197854711545787,930.0,,296.2656,,317.8263328389271,,-633.7344,,,,,,,,,,,89.4,,,,,,,,,,0,0,0,,,,,none,0,0,1.0,,,,,,,14.498437500000001,6.789453125,0.0,6.789453125,6.789453125,0.0,1.0,0.0,0.0,0.0,0.0,,,,0.0,0.0,0.0,1.0,0.0,0.0,0.0,0.0,,10.908726725000001,,10.768581961546975,10.838654343273488,0.0,0.0,0.0,0.0,0.0,1.0,10.838654343273488,10.838654343273488,0.13660537556001223,0.13660537556001223,0.9274757939877236,1.4806184471280326,1.4806184471280326,0.20197854711545787,,,,,,0.0,0.0,0.0,0.0,0.1539483158590081,0.0,0.003084621764850068,06307616,Tongue R at Birney Day School Br nr Birney MT,45.41160556,-106.4573528,MT,,,BYSM8,9.38,tongue-birney,unknown,low,0,4,corridor,2026-04-20-static-v1
2026-03-03,106.0,6.09287109375,15.38125,-0.2281249999999999,0.0,,,0.0,blend:dynamical+openmeteo,0.8382000000000001,,,0.35845514833822545,,0.0,0.8382000000000001,,,4,0.2610399108596119,889.0,,295.9608,,313.06207574847167,,-593.0391999999999,,,,,,,,,,,107.0,,,,,,,,,,0,0,0,,,,,none,0,0,1.0,,,,,,,15.609375,6.09287109375,0.0,6.09287109375,6.09287109375,0.0,1.0,0.0,0.0,0.0,0.0,,,,0.0,0.0,0.0,1.0,0.0,0.0,0.0,0.0,,9.94762589375,,9.836467601384935,9.892046747567468,0.0,0.0,0.0,0.0,0.0,1.0,9.892046747567468,9.892046747567468,0.35845514833822545,0.35845514833822545,2.1840210117158425,3.5458550842679575,3.5458550842679575,0.2610399108596119,,,,,,0.0,0.0,0.0,0.0,0.15945561355804788,0.0,0.007387198092224911,06307662,"Tongue River at Ashland, MT",45.59775,-106.2749444,MT,,,ASAM8,10.62,tongue-ashland,unknown,low,0,4,corridor,2026-04-20-static-v1
2026-03-03,110.0,6.433984375,15.81875,0.6875,0.0,,,0.0,blend:dynamical+openmeteo,0.0,,0.0,0.10325527724877748,,0.0,0.0,,0.0,4,0.4910369210083344,842.0,,257.25120000000004,,280.37832274202646,,-584.7488,,,,,,,,,,,113.0,,,,,,,,,,0,0,0,,,,,none,0,0,1.0,,,,,,,15.13125,6.433984375,0.0,6.433984375,6.433984375,0.0,1.0,0.0,0.0,0.0,0.0,,,,0.0,0.0,0.0,1.0,0.0,0.0,0.0,0.0,,10.234851575,,10.084525277176827,10.159688426088413,0.0,0.0,0.0,0.0,0.0,1.0,10.159688426088413,10.159688426088413,0.10325527724877748,0.10325527724877748,0.6643428404549272,1.0490414451969547,1.0490414451969547,0.4910369210083344,,,,,,0.0,0.0,0.0,0.0,0.15279744385385854,0.0,0.002185503010826989,06307830,Tongue R bl Brandenberg bridge nr Ashland MT,45.8403861,-106.2234333,MT,,,BDBM8,2.77,tongue-brandenberg,unknown,low,0,4,corridor,2026-04-20-static-v1
2026-03-03,138.0,5.9298828125,16.125,0.08437500000000009,0.0,,,0.0,blend:dynamical+openmeteo,0.0,,,0.04178179273616034,,0.0,0.0,,,4,0.18895053925547634,715.0,,249.3264,,245.44727155478537,,-465.67359999999996,,,,,,,,,,,135.0,,,,,,,,,,0,0,0,,,,,none,0,0,1.0,,,,,,,16.040625,5.9298828125,0.0,5.9298828125,5.9298828125,0.0,1.0,0.0,0.0,0.0,0.0,,,,0.0,0.0,0.0,1.0,0.0,0.0,0.0,0.0,,8.9567612125,,8.981975547393894,8.969368379946946,0.0,0.0,0.0,0.0,0.0,1.0,8.969368379946946,8.969368379946946,0.04178179273616034,0.04178179273616034,0.24776113462159455,0.37475629062521354,0.37475629062521354,0.18895053925547634,,,,,,0.0,0.0,0.0,0.0,0.1509993501083339,0.0,0.0007807422721358615,06308500,"Tongue River at Miles City, MT",46.3845944,-105.8455222,MT,,,MCYM8,8.66,tongue-miles,unknown,low,0,4,corridor,2026-04-20-static-v1
2026-03-03,5070.0,5.8798828125,16.125,-0.06562500000000004,0.0,,,0.0,blend:dynamical+openmeteo,0.0,,,0.04008507378793192,,0.0,0.0,,,4,0.20903659633918276,711.0,,249.3264,,245.92248172723987,,-461.67359999999996,,,,,,,,,,,5060.0,,,,,,,,,,0,0,0,,,,,none,0,0,1.0,,,,,,,16.190625,5.8798828125,0.0,5.8798828125,5.8798828125,0.0,1.0,0.0,0.0,0.0,0.0,,,,0.0,0.0,0.0,1.0,0.0,0.0,0.0,0.0,,8.8807612125,,8.90288668127294,8.89182394688647,0.0,0.0,0.0,0.0,0.0,1.0,8.89182394688647,8.89182394688647,0.04008507378793192,0.04008507378793192,0.23569553640345517,0.3564294190202442,0.3564294190202442,0.20903659633918276,,,,,,0.0,0.0,0.0,0.0,0.15095047845072065,0.0,0.0007425612896255088,06309000,"Yellowstone River at Miles City, MT",46.4207722,-105.8600333,MT,,,MCYM8,7.43,miles-city,unknown,low,0,4,mainstem,2026-04-20-static-v1
2026-03-03,232.0,6.4396484375,14.5,-0.554296875,0.0,,,0.0,blend:dynamical+openmeteo,0.0,,,0.0,,0.0,0.0,,,4,0.2805697706523755,1020.0,,326.7456,,336.23490048773687,,-693.2544,,,,,,,,,,,222.0,,,,,,,,,,0,0,0,,,,,none,0,0,1.0,,,,,,,15.054296875,6.4396484375,0.0,6.4396484375,6.4396484375,0.0,1.0,0.0,0.0,0.0,0.0,,,,0.0,0.0,0.0,1.0,0.0,0.0,0.0,0.0,,10.9458020375,,10.884121584329709,10.914961810914853,0.0,0.0,0.0,0.0,0.0,1.0,10.914961810914853,10.914961810914853,0.0,0.0,0.0,0.0,0.0,0.2805697706523755,,,,,,0.0,0.0,0.0,0.0,0.15,0.0,0.0,06324500,Powder River at Moorhead MT,45.0571972,-105.8783778,MT,,,AVMW4,13.58,powder-moorhead,unknown,low,0,4,corridor,2026-04-20-static-v1
