date,discharge_cfs,dyn_temp_c_mean,dyn_temp_c_max,dyn_temp_c_min,dyn_precip_mm,dyn_rh_pct_mean,dyn_cloud_pct_mean,dyn_snow_flag,dyn_source,nohrsc_snowdepth_cm_x,nohrsc_swe_mm_x,nohrsc_snowfall_cm_x,basin_nohrsc_nohrsc_snowdepth_cm,basin_nohrsc_nohrsc_swe_mm,basin_nohrsc_nohrsc_snowfall_cm,nohrsc_snowdepth_cm_y,nohrsc_swe_mm_y,nohrsc_snowfall_cm_y,basin_nohrsc_contributors,basin_nohrsc_signal_weight,site_elev_m,snotel_elev_m,nohrsc_elev_m,basin_snotel_elev_m,basin_nohrsc_elev_m,snotel_minus_site_elev_m,nohrsc_minus_site_elev_m,q_lag1,q_lag2,q_lag3,q_lag7_mean,q_lag14_mean,dyn_precip_lag1,dyn_precip_lag2,dyn_precip_lag3,dyn_precip_lag7_mean,dyn_precip_lag14_mean,target_discharge_cfs,drain_area_sqmi,drain_area_km2,contrib_drain_area_sqmi,contrib_drain_area_km2,site_altitude_ft_usgs,site_altitude_m_usgs,huc_cd,basin_cd_usgs,nearest_dam_distance_km,dams_within_25km,dams_within_50km,dams_within_100km,nearest_reservoir_distance_km,nearest_reservoir_storage_mcm,reservoir_storage_mcm_within_50km,reservoir_storage_mcm_within_100km,static_descriptor_source,has_camels_static,has_hydrobasins_static,event_gate_flag,log_drain_area_sqmi,log_drain_area_km2,specific_discharge_cfs_per_sqmi,specific_target_discharge_cfs_per_sqmi,unit_runoff_mm_day,target_unit_runoff_mm_day,temp_range_c,degree_day_c,freeze_degree_day_c,degree_day_3d,degree_day_7d,freeze_degree_day_7d,warm_day_flag,hard_freeze_flag,precip_3d_mm,precip_7d_mm,precip_14d_mm,precip_30d_mm,precip_intensity_ratio,antecedent_wetness_ratio,rain_on_warm_day_mm,rain_on_warm_3d_mm,snow_event_3d,dryness_index,warm_after_freeze_flag,wet_after_dry_flag,rain_after_freeze_mm,wetness_intensity_interaction,temp_at_snotel_c,temp_at_nohrsc_c,temp_at_basin_snotel_c,temp_at_basin_nohrsc_c,temp_at_upper_basin_c,high_elev_snow_fraction,basin_snow_mm_elev,basin_rain_mm_elev,basin_snow_3d_mm_elev,basin_rain_3d_mm_elev,warm_upper_basin_flag,high_elev_melt_pressure_c,high_elev_melt_3d_c,basin_snowdepth_storage_cm,basin_snowdepth_storage_3d_mean_cm,degree_day_x_nohrsc_sd,degree_day_x_nohrsc_sd_elev,melt_risk_elev,basin_signal_weight,q_change_1d,q_change_3d,q_ratio_1d,q_ratio_7d_mean,runoff_response_index,rising_flow_flag,primed_basin_flag,primed_rain_interaction,primed_melt_interaction,event_gate_strength,extreme_event_flag,extreme_event_strength,station_id,station_name,latitude,longitude,state,snotel_station_id,snotel_distance_km,nohrsc_station_id,nohrsc_distance_km,basin_key,snotel_basin_band,nohrsc_basin_band,snotel_basin_contributors,nohrsc_basin_contributors,station_cluster,station_dataset_schema_version
2025-11-02,170.0,0.9703125,5.871875,-4.23125,6.002972936630249,,,1.0,blend:dynamical+openmeteo,0.0,0.0,,104.27741877536621,717.6405110511864,,0.0,0.0,,4,0.6850212281410666,1487.0,,457.20000000000005,,519.1504311684671,,-1029.8,,,,,,,,,,,190.0,,,,,,,,,,0,0,0,,,,,none,0,0,1.0,,,,,,,10.103125,0.9703125,0.0,0.9703125,0.9703125,0.0,1.0,0.0,6.002972936630249,6.002972936630249,6.002972936630249,,1.0,,6.002972936630249,6.002972936630249,1.0,1.0,0.0,1.0,0.0,0.0,,7.664012500000001,,7.261334697404965,7.462673598702483,0.0,0.0,6.002972936630249,0.0,6.002972936630249,1.0,7.462673598702483,7.462673598702483,104.27741877536621,104.27741877536621,101.18168290547253,778.1883400357681,250.0,0.6850212281410666,,,,,,0.0,1.0,6.002972936630249,250.0,0.44301635115146637,1.0,0.28001486468315123,05014500,Swiftcurrent Creek at Many Glacier MT,48.7988333,-113.6567306,MT,,,MANM8,1.03,swiftcurrent-many,unknown,low,0,4,tributary,2026-04-20-static-v1
2025-11-02,73.5,6.29541015625,14.075,2.062890625,0.5501391887664795,,,1.0,blend:dynamical+openmeteo,0.0,0.0,,198.7767451654528,859.8658592611873,,0.0,0.0,,4,0.22211203045047895,1842.0,,598.932,,671.7109034504025,,-1243.068,,,,,,,,,,,68.8,,,,,,,,,,0,0,0,,,,,none,0,0,1.0,,,,,,,12.012109375,6.29541015625,0.0,6.29541015625,6.29541015625,0.0,1.0,0.0,0.5501391887664795,0.5501391887664795,0.5501391887664795,,1.0,,0.5501391887664795,0.5501391887664795,1.0,1.0,0.0,0.0,0.0,0.0,,14.37535215625,,13.902289283822384,14.138820720036193,0.0,0.0,0.5501391887664795,0.0,0.5501391887664795,1.0,14.138820720036193,14.138820720036193,198.7767451654528,198.7767451654528,1251.3811403409097,2810.4687632066584,250.0,0.22211203045047895,,,,,,0.0,0.0,0.0,0.0,0.35302576553821563,1.0,0.25275069594383237,06024450,Big Hole River bl Big Lake Cr at Wisdom MT,45.61796667,-113.4569417,MT,,,CLVM8,31.27,hole-wisdom,unknown,low,0,4,corridor,2026-04-20-static-v1
2025-11-02,352.0,7.665625,15.5,5.50625,0.09993910789489746,,,1.0,blend:dynamical+openmeteo,,,0.0,140.94063542558928,705.0841528030888,0.0,,,0.0,4,0.3468030503639986,1537.0,,463.90560000000005,,526.9913957365584,,-1073.0944,,,,,,,,,,,359.0,,,,,,,,,,0,0,0,,,,,none,0,0,1.0,,,,,,,9.99375,7.665625,0.0,7.665625,7.665625,0.0,1.0,0.0,0.09993910789489746,0.09993910789489746,0.09993910789489746,,1.0,,0.09993910789489746,0.09993910789489746,1.0,1.0,0.0,0.0,0.0,0.0,,14.6407386,,14.23068092771237,14.435709763856185,0.0,0.0,0.09993910789489746,0.0,0.09993910789489746,1.0,14.435709763856185,14.435709763856185,140.94063542558928,140.94063542558928,1080.3980584342828,2034.578106937274,250.0,0.3468030503639986,,,,,,0.0,0.0,0.0,0.0,0.3505496650934219,1.0,0.2504996955394745,06025500,Big Hole River near Melrose MT,45.52658056,-112.701725,MT,,,MT-BV-22,5.82,hole-melrose,unknown,low,0,4,corridor,2026-04-20-static-v1
2025-11-02,902.0,8.024609375,15.13125,5.578125,0.2048872411251068,,,0.0,blend:dynamical+openmeteo,25.8064,116.1288,,181.60669674339533,665.5801289055662,0.0,25.8064,116.1288,,4,0.23912163887183402,1392.0,,664.7688,,669.0226377663593,,-727.2312,,,,,,,,,,,902.0,,,,,,,,,,0,0,0,,,,,none,0,0,1.0,,,,,,,9.553125,8.024609375,0.0,8.024609375,8.024609375,0.0,1.0,0.0,0.2048872411251068,0.2048872411251068,0.2048872411251068,,1.0,,0.2048872411251068,0.2048872411251068,0.0,1.0,0.0,0.0,0.0,0.0,,12.751612175000002,,12.723962229518666,12.737787202259334,0.0,0.0,0.2048872411251068,0.0,0.2048872411251068,1.0,12.737787202259334,12.737787202259334,181.60669674339533,181.60669674339533,1457.3228012498323,2313.2674576226127,250.0,0.23912163887183402,,,,,,0.0,0.0,0.0,0.0,0.35112687982618807,1.0,0.25102443620562553,06026500,"Jefferson River near Twin Bridges, MT",45.613283,-112.329397,MT,,,BSCM8,25.29,jefferson-twin,unknown,low,0,4,corridor,2026-04-20-static-v1
2025-11-02,32.3,7.6640625,15.85,3.74140625,0.5048981130123138,,,0.0,blend:dynamical+openmeteo,,,0.0,106.61249794219732,382.83578806516306,0.0,,,0.0,4,0.4563518573048461,1470.0,,454.76160000000004,,531.3534954618698,,-1015.2384,,,,,,,,,,,31.5,,,,,,,,,,0,0,0,,,,,none,0,0,1.0,,,,,,,12.10859375,7.6640625,0.0,7.6640625,7.6640625,0.0,1.0,0.0,0.5048981130123138,0.5048981130123138,0.5048981130123138,,1.0,,0.5048981130123138,0.5048981130123138,0.0,1.0,0.0,0.0,0.0,0.0,,14.263112099999999,,13.765264779497848,14.014188439748924,0.0,0.0,0.5048981130123138,0.0,0.5048981130123138,1.0,14.014188439748924,14.014188439748924,106.61249794219732,106.61249794219732,817.0848475101217,1494.0876361942976,250.0,0.4563518573048461,,,,,,0.0,0.0,0.0,0.0,0.3527769396215677,1.0,0.25252449056506154,06033000,"Boulder River near Boulder, MT",46.21103056,-112.09165,MT,,,MT-JF-1,3.25,boulder-boulder,unknown,low,0,4,corridor,2026-04-20-static-v1
2025-11-02,1080.0,9.89375,18.0875,6.590625,0.10995715856552124,,,0.0,blend:dynamical+openmeteo,0.0,,,57.78569658200686,1006.4496,0.0,0.0,,,4,0.154683671104747,1243.0,,372.4656,,467.851902804542,,-870.5344,,,,,,,,,,,1070.0,,,,,,,,,,0,0,0,,,,,none,0,0,1.0,,,,,,,11.496875,9.89375,0.0,9.89375,9.89375,0.0,1.0,0.0,0.10995715856552124,0.10995715856552124,0.10995715856552124,,1.0,,0.10995715856552124,0.10995715856552124,0.0,1.0,0.0,0.0,0.0,0.0,,15.552223600000001,,14.932212631770478,15.24221811588524,0.0,0.0,0.10995715856552124,0.0,0.10995715856552124,1.0,15.24221811588524,15.24221811588524,57.78569658200686,57.78569658200686,571.7172355582304,880.7821912813127,250.0,0.154683671104747,,,,,,0.0,0.0,0.0,0.0,0.35060476437211036,1.0,0.2505497857928276,06036650,Jefferson River near Three Forks MT,45.8971361,-111.5956722,MT,,,TTNM8,26.91,jefferson-three,unknown,low,0,4,corridor,2026-04-20-static-v1
2025-11-02,315.0,2.946624755859375,8.196875,0.05156250000000001,0.7601479947566986,,,0.0,blend:dynamical+openmeteo,0.0,0.0,,74.35822687901003,408.0995882165041,0.007620000000000001,0.0,0.0,,4,1.2699642648187204,2023.0,,620.8776,,639.8848719493047,,-1402.1224,,,,,,,,,,,316.0,,,,,,,,,,0,0,0,,,,,none,0,0,1.0,,,,,,,8.145312500000001,2.946624755859375,0.0,2.946624755859375,2.946624755859375,0.0,1.0,0.0,0.7601479947566986,0.7601479947566986,0.7601479947566986,,1.0,,0.7601479947566986,0.7601479947566986,0.0,1.0,0.0,0.0,0.0,0.0,,12.060420355859375,,11.936873088188895,11.998646722024134,0.0,0.0,0.7601479947566986,0.0,0.7601479947566986,1.0,11.998646722024134,11.998646722024134,74.35822687901003,74.35822687901003,219.10579212349896,892.1980951973605,250.0,1.2699642648187204,,,,,,0.0,0.0,0.0,0.0,0.3541808139711618,1.0,0.2538007399737835,06037500,"Madison River near West Yellowstone, MT",44.6570722,-111.0679639,MT,,,WYSM8,1.91,madison-madison,unknown,low,0,4,mainstem,2026-04-20-static-v1
2025-11-02,647.0,2.73076171875,8.15,-0.17656249999999996,0.9549280166625976,,,1.0,blend:dynamical+openmeteo,225.806,787.0952,,243.04109869401998,1096.2699388834997,0.00762,225.806,787.0952,,4,0.5256299683131505,1992.0,,729.3864,,743.5122135964556,,-1262.6136000000001,,,,,,,,,,,665.0,,,,,,,,,,0,0,0,,,,,none,0,0,1.0,,,,,,,8.3265625,2.73076171875,0.0,2.73076171875,2.73076171875,0.0,1.0,0.0,0.9549280166625976,0.9549280166625976,0.9549280166625976,,1.0,,0.9549280166625976,0.9549280166625976,1.0,1.0,0.0,0.0,0.0,0.0,,10.93775011875,,10.845932330373039,10.891841224561519,0.0,0.0,0.9549280166625976,0.0,0.9549280166625976,1.0,10.891841224561519,10.891841224561519,243.04109869401998,243.04109869401998,663.6873283965704,2647.165058018252,250.0,0.5256299683131505,,,,,,0.0,0.0,0.0,0.0,0.35525210409164426,1.0,0.25477464008331296,06038500,Madison River bl Hebgen Lake nr Grayling MT,44.86639167,-111.3387806,MT,,,BEVM8,9.37,madison-hebgen,unknown,low,0,4,corridor,2026-04-20-static-v1
2025-11-02,709.0,3.97939453125,8.875,1.4349609375,1.4904832363128662,,,1.0,blend:dynamical+openmeteo,129.03199999999998,387.096,,243.77060660520794,886.3074849987756,,129.03199999999998,387.096,,4,0.3993903598874465,1791.0,,741.8832,,776.0800461570234,,-1049.1168,,,,,,,,,,,735.0,,,,,,,,,,0,0,0,,,,,none,0,0,1.0,,,,,,,7.4400390625,3.97939453125,0.0,3.97939453125,3.97939453125,0.0,1.0,0.0,1.4904832363128662,1.4904832363128662,1.4904832363128662,,1.0,,1.4904832363128662,1.4904832363128662,1.0,1.0,0.0,0.0,0.0,0.0,,10.798653731249999,,10.576374231229348,10.687513981239674,0.0,0.0,1.4904832363128662,0.0,1.4904832363128662,1.0,10.687513981239674,10.687513981239674,243.77060660520794,243.77060660520794,970.0594188042596,2605.301766308436,250.0,0.3993903598874465,,,,,,0.0,0.0,0.0,0.0,0.35819765779972074,1.0,0.25745241618156434,06038800,Madison River at Kirby Ranch nr Cameron MT,44.88865556,-111.580886,MT,,,TPEM8,15.33,madison-kirby,unknown,low,0,4,corridor,2026-04-20-static-v1
2025-11-02,850.0,7.5015625,11.74375,5.6640625,1.3401004791259765,,,1.0,blend:dynamical+openmeteo,,,0.0,124.7834909503435,936.6750182002421,0.0,,,0.0,4,0.4037560060632478,1566.0,,460.85760000000005,,560.1154325942741,,-1105.1424,,,,,,,,,,,872.0,,,,,,,,,,0,0,0,,,,,none,0,0,1.0,,,,,,,6.0796875,7.5015625,0.0,7.5015625,7.5015625,0.0,1.0,0.0,1.3401004791259765,1.3401004791259765,1.3401004791259765,,1.0,,1.3401004791259765,1.3401004791259765,1.0,1.0,0.0,0.0,0.0,0.0,,14.684988099999998,,14.039812188137219,14.362400144068609,0.0,0.0,1.3401004791259765,0.0,1.3401004791259765,1.0,14.362400144068609,14.362400144068609,124.7834909503435,124.7834909503435,936.0711563321862,1792.1904284025975,250.0,0.4037560060632478,,,,,,0.0,0.0,0.0,0.0,0.35737055263519285,1.0,0.25670050239562986,06040000,Madison River near Cameron MT,45.2331333,-111.7516333,MT,,,MT-MD-11,12.1,madison-cameron,unknown,low,0,4,corridor,2026-04-20-static-v1
2025-11-02,1160.0,9.549609375,15.375,5.94375,1.5353333950042725,,,1.0,blend:dynamical+openmeteo,0.0,,0.0,40.93112864351625,999.9979999999999,0.0,0.0,,0.0,4,0.6558784860620989,1452.0,,439.82640000000004,,478.11882982010064,,-1012.1736,,,,,,,,,,,1150.0,,,,,,,,,,0,0,0,,,,,none,0,0,1.0,,,,,,,9.43125,9.549609375,0.0,9.549609375,9.549609375,0.0,1.0,0.0,1.5353333950042725,1.5353333950042725,1.5353333950042725,,1.0,,1.5353333950042725,1.5353333950042725,1.0,1.0,0.0,0.0,0.0,0.0,,16.128737774999998,,15.879836981169344,16.00428737808467,0.0,0.0,1.5353333950042725,0.0,1.5353333950042725,1.0,16.00428737808467,16.00428737808467,40.93112864351625,40.93112864351625,390.8762898234538,655.073545520187,250.0,0.6558784860620989,,,,,,0.0,0.0,0.0,0.0,0.3584443336725235,1.0,0.25767666697502134,06041000,Madison River bl Ennis Lake nr McAllister MT,45.49023056,-111.6345056,MT,,,MADM8,0.31,madison-ennis,unknown,low,0,4,corridor,2026-04-20-static-v1
2025-11-02,278.0,3.7552734375,8.521875,1.17421875,1.4290853023529053,,,1.0,blend:dynamical+openmeteo,264.5156,1070.9656,,274.6122181342216,1067.1484389861362,,264.5156,1070.9656,,4,0.3240617444094299,1794.0,,821.1312,,773.2893810907445,,-972.8688,,,,,,,,,,,269.0,,,,,,,,,,0,0,0,,,,,none,0,0,1.0,,,,,,,7.34765625,3.7552734375,0.0,3.7552734375,3.7552734375,0.0,1.0,0.0,1.4290853023529053,1.4290853023529053,1.4290853023529053,,1.0,,1.4290853023529053,1.4290853023529053,1.0,1.0,0.0,0.0,0.0,0.0,,10.0789206375,,10.38989246041016,10.234406548955079,0.0,0.0,1.4290853023529053,0.0,1.4290853023529053,1.0,10.234406548955079,10.234406548955079,274.6122181342216,274.6122181342216,1031.2439683723983,2810.4930836959584,250.0,0.3240617444094299,,,,,,0.0,0.0,0.0,0.0,0.35785996916294094,1.0,0.25714542651176453,06043120,"Gallatin River above Deer Creek, near Big Sky, MT",45.29727778,-111.2113917,MT,,,BSKM8,17.06,deer-sky,unknown,low,0,4,tributary,2026-04-20-static-v1
2025-11-02,406.0,7.1708984375,13.825,3.778125,2.935572624206543,,,1.0,blend:dynamical+openmeteo,19.3548,83.8708,,5.046830560067084,43.87001512284706,0.0,19.3548,83.8708,,4,0.32002544148297896,1578.0,,640.6896,,508.9852961515135,,-937.3104,,,,,,,,,,,394.0,,,,,,,,,,0,0,0,,,,,none,0,0,1.0,,,,,,,10.046875,7.1708984375,0.0,7.1708984375,7.1708984375,0.0,1.0,0.0,2.935572624206543,2.935572624206543,2.935572624206543,,1.0,,2.935572624206543,2.935572624206543,1.0,1.0,0.0,0.0,0.0,0.0,,13.2634160375,,14.119494012515162,13.691455025007581,0.0,0.0,2.935572624206543,0.0,2.935572624206543,1.0,13.691455025007581,13.691455025007581,5.046830560067084,5.046830560067084,36.19030937751231,69.0984536319923,69.0984536319923,0.32002544148297896,,,,,,0.0,0.0,0.0,0.0,0.3504081924517821,1.0,0.15863297485435002,06043500,"Gallatin River near Gallatin Gateway, MT",45.4973,-111.2707083,MT,,,LCKM8,23.74,gateway-gateway,unknown,unknown,0,4,corridor,2026-04-20-static-v1
2025-11-02,71.3,8.38671875,16.5375,4.9265625,2.2854899883270265,,,1.0,blend:dynamical+openmeteo,0.0,,,0.0,0.0,0.0,0.0,,,4,0.8884575340787572,1408.0,,455.06640000000004,,448.3652703088978,,-952.9336,,,,,,,,,,,68.9,,,,,,,,,,0,0,0,,,,,none,0,0,1.0,,,,,,,11.610937500000002,8.38671875,0.0,8.38671875,8.38671875,0.0,1.0,0.0,2.2854899883270265,2.2854899883270265,2.2854899883270265,,1.0,,2.2854899883270265,2.2854899883270265,1.0,1.0,0.0,0.0,0.0,0.0,,14.580787149999999,,14.624344492992165,14.602565821496082,0.0,0.0,2.2854899883270265,0.0,2.2854899883270265,1.0,14.602565821496082,14.602565821496082,0.0,0.0,0.0,0.0,0.0,0.8884575340787572,,,,,,0.0,0.0,0.0,0.0,0.16257019493579863,0.0,0.011427449941635132,06048650,E Gallatin R ab Water Reclamation Fa nr Bozeman MT,45.72566667,-111.0661944,MT,,,BZNM8,6.94,water-reclamation,unknown,low,0,4,corridor,2026-04-20-static-v1
2025-11-02,36.2,6.8802734375,13.21875,3.146875,2.555517387390137,,,1.0,blend:dynamical+openmeteo,19.3548,83.8708,,5.0363183224089765,42.96178708469769,0.0,19.3548,83.8708,,4,0.7299929940381993,1694.0,,640.6896,,508.9121008506877,,-1053.3103999999998,,,,,,,,,,,36.0,,,,,,,,,,0,0,0,,,,,none,0,0,1.0,,,,,,,10.071875,6.8802734375,0.0,6.8802734375,6.8802734375,0.0,1.0,0.0,2.555517387390137,2.555517387390137,2.555517387390137,,1.0,,2.555517387390137,2.555517387390137,1.0,1.0,0.0,0.0,0.0,0.0,,13.726791037499998,,14.58334478197053,14.155067909735264,0.0,0.0,2.555517387390137,0.0,2.555517387390137,1.0,14.155067909735264,14.155067909735264,5.0363183224089765,5.0363183224089765,34.65124717646504,71.28942786874305,71.28942786874305,0.7299929940381993,,,,,,0.0,0.0,0.0,0.0,0.35416048661396055,1.0,0.16129722833016538,06050000,Hyalite C at Hyalite R S nr Bozeman MT,45.56332778,-111.0718889,MT,,,LCKM8,10.54,hyalite-hyalite,unknown,low,0,4,tributary,2026-04-20-static-v1
2025-11-02,763.0,10.14375,18.0875,6.640625,0.10995715856552124,,,0.0,blend:dynamical+openmeteo,0.0,,,31.112820151704152,670.9664,,0.0,,,4,0.15334998607363057,1246.0,,411.1752,,458.8955948914227,,-834.8248,,,,,,,,,,,761.0,,,,,,,,,,0,0,0,,,,,none,0,0,1.0,,,,,,,11.446874999999999,10.14375,0.0,10.14375,10.14375,0.0,1.0,0.0,0.10995715856552124,0.10995715856552124,0.10995715856552124,,1.0,,0.10995715856552124,0.10995715856552124,0.0,1.0,0.0,0.0,0.0,0.0,,15.570111200000001,,15.259928633205753,15.415019916602876,0.0,0.0,0.10995715856552124,0.0,0.10995715856552124,1.0,15.415019916602876,15.415019916602876,31.112820151704152,31.112820151704152,315.600669413849,479.6047423002028,250.0,0.15334998607363057,,,,,,0.0,0.0,0.0,0.0,0.35060476437211036,1.0,0.2505497857928276,06052500,Gallatin River at Logan MT,45.8862472,-111.4420083,MT,,,BZN,24.37,logan-logan,unknown,low,0,4,mainstem,2026-04-20-static-v1
2025-11-02,3280.0,9.179296875,16.9,6.175,0.00500902533531189,,,0.0,blend:dynamical+openmeteo,0.0,,,0.0,0.0,0.0,0.0,,,4,0.2662680277030962,1192.0,,372.4656,,402.51156780391716,,-819.5344,,,,,,,,,,,3280.0,,,,,,,,,,0,0,0,,,,,none,0,0,1.0,,,,,,,10.724999999999998,9.179296875,0.0,9.179296875,9.179296875,0.0,1.0,0.0,0.00500902533531189,0.00500902533531189,0.00500902533531189,,1.0,,0.00500902533531189,0.00500902533531189,0.0,1.0,0.0,0.0,0.0,0.0,,14.506270475,,14.31097168427454,14.408621079637271,0.0,0.0,0.00500902533531189,0.0,0.00500902533531189,1.0,14.408621079637271,14.408621079637271,0.0,0.0,0.0,0.0,0.0,0.2662680277030962,,,,,,0.0,0.0,0.0,0.0,0.1500275496393442,0.0,2.5045126676559448e-05,06054500,Missouri River at Toston MT,46.1465722,-111.4202778,MT,,,TTNM8,9.53,missouri-toston,unknown,low,0,4,corridor,2026-04-20-static-v1
2025-11-02,18.4,9.6578125,19.1625,4.55859375,0.7502810895442963,,,0.0,blend:dynamical+openmeteo,0.0,,0.0,0.0,0.0,0.0,0.0,,0.0,4,0.47422550691102955,1252.0,,355.39680000000004,,441.2833345994975,,-896.6032,,,,,,,,,,,18.1,,,,,,,,,,0,0,0,,,,,none,0,0,1.0,,,,,,,14.603906250000001,9.6578125,0.0,9.6578125,9.6578125,0.0,1.0,0.0,0.7502810895442963,0.7502810895442963,0.7502810895442963,,1.0,,0.7502810895442963,0.7502810895442963,0.0,1.0,0.0,0.0,0.0,0.0,,15.4857333,,14.927470825103267,15.206602062551633,0.0,0.0,0.7502810895442963,0.0,0.7502810895442963,1.0,15.206602062551633,15.206602062551633,0.0,0.0,0.0,0.0,0.0,0.47422550691102955,,,,,,0.0,0.0,0.0,0.0,0.15412654599249362,0.0,0.003751405447721481,06061500,Prickly Pear Creek near Clancy MT,46.5190972,-111.946786,MT,,,HLN,9.7,prickly-pear,unknown,low,0,4,tributary,2026-04-20-static-v1
2025-11-02,3.37,8.12646484375,17.7625,2.4322265625,1.4055005252361297,,,0.0,blend:dynamical+openmeteo,0.0,0.0,,81.79603945822147,377.6818794474841,0.0,0.0,0.0,,4,0.4229336685161739,1484.0,,609.6,,547.9909795541945,,-874.4,,,,,,,,,,,3.2,,,,,,,,,,0,0,0,,,,,none,0,0,1.0,,,,,,,15.330273437499999,8.12646484375,0.0,8.12646484375,8.12646484375,0.0,1.0,0.0,1.4055005252361297,1.4055005252361297,1.4055005252361297,,1.0,,1.4055005252361297,1.4055005252361297,0.0,1.0,0.0,0.0,0.0,0.0,,13.810064843749998,,14.210523476647737,14.010294160198868,0.0,0.0,1.4055005252361297,0.0,1.4055005252361297,1.0,14.010294160198868,14.010294160198868,81.79603945822147,81.79603945822147,664.7126390152246,1145.9865739489164,250.0,0.4229336685161739,,,,,,0.0,0.0,0.0,0.0,0.35773025288879867,1.0,0.2570275026261806,06062500,Tenmile Creek near Rimini MT,46.5238972,-112.2566472,MT,,,FRHM8,10.98,tenmile-rimini,unknown,low,0,4,tributary,2026-04-20-static-v1
2025-11-02,23.2,9.3578125,19.0125,4.35859375,0.8502810895442963,,,0.0,blend:dynamical+openmeteo,,,0.0,0.0,0.0,0.0,,,0.0,4,0.5691806607314516,1208.0,,355.70160000000004,,384.9739331840904,,-852.2983999999999,,,,,,,,,,,24.4,,,,,,,,,,0,0,0,,,,,none,0,0,1.0,,,,,,,14.653906249999999,9.3578125,0.0,9.3578125,9.3578125,0.0,1.0,0.0,0.8502810895442963,0.8502810895442963,0.8502810895442963,,1.0,,0.8502810895442963,0.8502810895442963,0.0,1.0,0.0,0.0,0.0,0.0,,14.897752099999998,,14.707481934303413,14.802617017151706,0.0,0.0,0.8502810895442963,0.0,0.8502810895442963,1.0,14.802617017151706,14.802617017151706,0.0,0.0,0.0,0.0,0.0,0.5691806607314516,,,,,,0.0,0.0,0.0,0.0,0.1546765459924936,0.0,0.004251405447721481,06063000,Tenmile Creek near Helena MT,46.60500556,-112.0882639,MT,,,MT-LC-14,4.0,tenmile-helena,unknown,low,0,4,tributary,2026-04-20-static-v1
2025-11-02,30.7,9.79169921875,20.5,3.6390625,1.750100040435791,,,1.0,blend:dynamical+openmeteo,,,0.0,87.7737832186744,584.7581090862504,0.0,,,0.0,4,0.16608449193320574,1086.0,,377.3424,,462.1339224702946,,-708.6576,,,,,,,,,,,30.6,,,,,,,,,,0,0,0,,,,,none,0,0,1.0,,,,,,,16.8609375,9.79169921875,0.0,9.79169921875,9.79169921875,0.0,1.0,0.0,1.750100040435791,1.750100040435791,1.750100040435791,,1.0,,1.750100040435791,1.750100040435791,1.0,1.0,0.0,0.0,0.0,0.0,,14.397973618750001,,13.846828722693086,14.122401170721544,0.0,0.0,1.750100040435791,0.0,1.750100040435791,1.0,14.122401170721544,14.122401170721544,87.7737832186744,87.7737832186744,859.454484569026,1239.5765788860663,250.0,0.16608449193320574,,,,,,0.0,0.0,0.0,0.0,0.35962555022239684,1.0,0.25875050020217893,06071300,Little Prickly Pear Cr at Wolf Cr MT,47.0054361,-112.070311,MT,,,MT-LC-4,29.01,prickly-pear,unknown,low,0,4,corridor,2026-04-20-static-v1
2025-11-02,32.9,9.9900390625,20.025,3.45625,0.4149667263031006,,,0.0,blend:dynamical+openmeteo,1.93548,,,0.9885836026442147,0.0,0.0,1.93548,,,4,0.24160030573642283,1159.0,,395.3256,,382.20730337415205,,-763.6744,,,,,,,,,,,33.2,,,,,,,,,,0,0,0,,,,,none,0,0,1.0,,,,,,,16.568749999999998,9.9900390625,0.0,9.9900390625,9.9900390625,0.0,1.0,0.0,0.4149667263031006,0.4149667263031006,0.4149667263031006,,1.0,,0.4149667263031006,0.4149667263031006,0.0,1.0,0.0,0.0,0.0,0.0,,14.953922662499998,,15.039191590568011,14.996557126534004,0.0,0.0,0.4149667263031006,0.0,0.4149667263031006,1.0,14.996557126534004,14.996557126534004,0.9885836026442147,0.9885836026442147,9.875988806962683,14.825350471408758,14.825350471408758,0.24160030573642283,,,,,,0.0,0.0,0.0,0.0,0.19181658491842374,0.0,0.032960980446950415,06073500,Dearborn River near Craig MT,47.199025,-112.0959056,MT,,,BNWM8,13.43,dearborn-craig,unknown,low,0,4,corridor,2026-04-20-static-v1
2025-11-02,3070.0,11.5919921875,21.35,5.275,0.05500902533531189,,,0.0,blend:dynamical+openmeteo,0.0,0.0,0.0,0.07347626619512605,0.0,0.0,0.0,0.0,0.0,4,0.7620681548949859,1018.0,,311.2008,,325.26200629756624,,-706.7991999999999,,,,,,,,,,,3050.0,,,,,,,,,,0,0,0,,,,,none,0,0,1.0,,,,,,,16.075000000000003,11.5919921875,0.0,11.5919921875,11.5919921875,0.0,1.0,0.0,0.05500902533531189,0.05500902533531189,0.05500902533531189,,1.0,,0.05500902533531189,0.05500902533531189,0.0,1.0,0.0,0.0,0.0,0.0,,16.1861869875,,16.09478914656582,16.140488067032912,0.0,0.0,0.05500902533531189,0.0,0.05500902533531189,1.0,16.140488067032912,16.140488067032912,0.07347626619512605,0.07347626619512605,0.8517363037005716,1.1859427977325658,1.1859427977325658,0.7620681548949859,,,,,,0.0,0.0,0.0,0.0,0.15346506376663105,0.0,0.002745759288619405,06074000,Missouri River at Cascade MT,47.2694861,-111.6952306,MT,,,MT-CC-21,2.46,missouri-cascade,unknown,low,0,4,corridor,2026-04-20-static-v1
2025-11-02,91.7,7.80107421875,15.0125,4.01171875,0.449626487493515,,,1.0,blend:dynamical+openmeteo,6.4516,12.9032,,145.24328475301738,526.3438115898249,,6.4516,12.9032,,4,0.30224194237923757,1343.0,,623.316,,661.2395056450913,,-719.684,,,,,,,,,,,89.1,,,,,,,,,,0,0,0,,,,,none,0,0,1.0,,,,,,,11.00078125,7.80107421875,0.0,7.80107421875,7.80107421875,0.0,1.0,0.0,0.449626487493515,0.449626487493515,0.449626487493515,,1.0,,0.449626487493515,0.449626487493515,1.0,1.0,0.0,0.0,0.0,0.0,,12.479020218750001,,12.232517432056905,12.355768825403453,0.0,0.0,0.449626487493515,0.0,0.449626487493515,1.0,12.355768825403453,12.355768825403453,145.24328475301738,145.24328475301738,1133.0536441333288,1794.5924498505287,250.0,0.30224194237923757,,,,,,0.0,0.0,0.0,0.0,0.3524729456812143,1.0,0.2522481324374676,06076690,Smith River near Ft Logan MT,46.7958,-111.1785556,MT,,,PCKM8,24.97,smith-logan,unknown,low,0,4,corridor,2026-04-20-static-v1
2025-11-02,127.0,7.85107421875,15.0625,4.06171875,0.449626487493515,,,1.0,blend:dynamical+openmeteo,96.774,367.7412,,145.30559753156447,527.4975819056123,,96.774,367.7412,,4,0.2899675192302384,1326.0,,611.124,,660.0495399195866,,-714.876,,,,,,,,,,,117.0,,,,,,,,,,0,0,0,,,,,none,0,0,1.0,,,,,,,11.00078125,7.85107421875,0.0,7.85107421875,7.85107421875,0.0,1.0,0.0,0.449626487493515,0.449626487493515,0.449626487493515,,1.0,,0.449626487493515,0.449626487493515,1.0,1.0,0.0,0.0,0.0,0.0,,12.49776821875,,12.179752209272689,12.338760214011344,0.0,0.0,0.449626487493515,0.0,0.449626487493515,1.0,12.338760214011344,12.338760214011344,145.30559753156447,145.30559753156447,1140.8050306201294,1792.8909256956126,250.0,0.2899675192302384,,,,,,0.0,0.0,0.0,0.0,0.3524729456812143,1.0,0.2522481324374676,06077200,Smith River bl Eagle Cr nr Fort Logan MT,46.82798056,-111.1922389,MT,,,STCM8,24.65,smith-eagle,unknown,low,0,4,corridor,2026-04-20-static-v1
2025-11-02,3140.0,11.954296875,21.275,5.871875,0.0,,,0.0,blend:dynamical+openmeteo,0.0,,0.0,0.0,,0.0,0.0,,0.0,4,1.0695455748905276,1012.0,,344.42400000000004,,342.5065553691357,,-667.576,,,,,,,,,,,3160.0,,,,,,,,,,0,0,0,,,,,none,0,0,1.0,,,,,,,15.403125,11.954296875,0.0,11.954296875,11.954296875,0.0,1.0,0.0,0.0,0.0,0.0,,,,0.0,0.0,0.0,1.0,0.0,0.0,0.0,0.0,,16.293540875,,16.30600426510062,16.299772570050308,0.0,0.0,0.0,0.0,0.0,1.0,16.299772570050308,16.299772570050308,0.0,0.0,0.0,0.0,0.0,1.0695455748905276,,,,,,0.0,0.0,0.0,0.0,0.15,0.0,0.0,06078200,Missouri River near Ulm MT,47.43496667,-111.3884444,MT,,,TFX,2.96,missouri-ulm,unknown,low,0,4,corridor,2026-04-20-static-v1
2025-11-02,97.4,3.6876953125,10.88125,-1.29375,5.303017508983612,,,1.0,blend:dynamical+openmeteo,0.00762,,0.0,37.48682256638357,320.5876775959061,0.0,0.00762,,0.0,4,0.44427640565573173,1467.0,,428.244,,490.5776370971191,,-1038.7559999999999,,,,,,,,,,,91.3,,,,,,,,,,0,0,0,,,,,none,0,0,1.0,,,,,,,12.174999999999999,3.6876953125,0.0,3.6876953125,3.6876953125,0.0,1.0,0.0,5.303017508983612,5.303017508983612,5.303017508983612,,1.0,,5.303017508983612,5.303017508983612,1.0,1.0,0.0,1.0,0.0,0.0,,10.439609312499998,,10.034440671368724,10.237024991934362,0.0,0.0,5.303017508983612,0.0,5.303017508983612,1.0,10.237024991934362,10.237024991934362,37.48682256638357,37.48682256638357,138.23997985857193,383.75353948027765,250.0,0.44427640565573173,,,,,,0.0,1.0,5.303017508983612,250.0,0.43916659629940985,1.0,0.27651508754491805,06078500,North Fork Sun River near Augusta MT,47.6398611,-112.8593333,MT,,,GDMM8,8.95,sun-augusta,unknown,low,0,4,corridor,2026-04-20-static-v1
2025-11-02,69.3,3.7376953125,10.93125,-1.24375,5.303017508983612,,,1.0,blend:dynamical+openmeteo,0.00762,,0.0,35.81700149123335,307.6073735500667,0.0,0.00762,,0.0,4,0.4463948822513046,1453.0,,428.244,,490.26039460683063,,-1024.7559999999999,,,,,,,,,,,73.0,,,,,,,,,,0,0,0,,,,,none,0,0,1.0,,,,,,,12.175,3.7376953125,0.0,3.7376953125,3.7376953125,0.0,1.0,0.0,5.303017508983612,5.303017508983612,5.303017508983612,,1.0,,5.303017508983612,5.303017508983612,1.0,1.0,0.0,1.0,0.0,0.0,,10.398609312499998,,9.9955027475556,10.197056030027799,0.0,0.0,5.303017508983612,0.0,5.303017508983612,1.0,10.197056030027799,10.197056030027799,35.81700149123335,35.81700149123335,133.8730385815884,365.22797103369567,250.0,0.4463948822513046,,,,,,0.0,1.0,5.303017508983612,250.0,0.43916659629940985,1.0,0.27651508754491805,06079000,South Fork Sun River near Augusta MT,47.6286083,-112.865761,MT,,,GDMM8,8.87,sun-augusta,unknown,low,0,4,corridor,2026-04-20-static-v1
2025-11-02,101.0,9.1669921875,18.1125,3.2703125,1.2052890300750732,,,0.0,blend:dynamical+openmeteo,6.192520000000001,,,4.387747206470516,,0.0,6.192520000000001,,,4,0.3607659070577272,1208.0,,400.2024,,398.4623155696233,,-807.7976,,,,,,,,,,,100.0,,,,,,,,,,0,0,0,,,,,none,0,0,1.0,,,,,,,14.842187500000001,9.1669921875,0.0,9.1669921875,9.1669921875,0.0,1.0,0.0,1.2052890300750732,1.2052890300750732,1.2052890300750732,,1.0,,1.2052890300750732,1.2052890300750732,0.0,1.0,0.0,0.0,0.0,0.0,,14.4176765875,,14.428987136297447,14.423331861898724,0.0,0.0,1.2052890300750732,0.0,1.2052890300750732,1.0,14.423331861898724,14.423331861898724,4.387747206470516,4.387747206470516,40.22244436244017,63.285934085043316,63.285934085043316,0.3607659070577272,,,,,,0.0,0.0,0.0,0.0,0.3253915805588618,1.0,0.13787214116088228,06082200,Sun River bl Willow Cr nr Augusta MT,47.5471361,-112.3674306,MT,,,AGNM8,4.28,sun-willow,unknown,low,0,4,corridor,2026-04-20-static-v1
2025-11-02,141.0,10.7732421875,20.2625,4.7921875,0.1997781753540039,,,0.0,blend:dynamical+openmeteo,0.38608,,,0.5226479436347904,0.0,0.0,0.38608,,,4,0.2367725751789945,1083.0,,332.232,,349.4261073959882,,-750.768,,,,,,,,,,,140.0,,,,,,,,,,0,0,0,,,,,none,0,0,1.0,,,,,,,15.470312499999999,10.7732421875,0.0,10.7732421875,10.7732421875,0.0,1.0,0.0,0.1997781753540039,0.1997781753540039,0.1997781753540039,,1.0,,0.1997781753540039,0.1997781753540039,0.0,1.0,0.0,0.0,0.0,0.0,,15.653234187499999,,15.541472489426077,15.597353338463037,0.0,0.0,0.1997781753540039,0.0,0.1997781753540039,1.0,15.597353338463037,15.597353338463037,0.5226479436347904,0.5226479436347904,5.630612875576445,8.151924648492939,8.151924648492939,0.2367725751789945,,,,,,0.0,0.0,0.0,0.0,0.17283724569376152,0.0,0.017982067227796977,06085800,Sun River at Simms MT,47.50162778,-111.9319139,MT,,,SURM8,18.99,sun-simms,unknown,low,0,4,corridor,2026-04-20-static-v1
2025-11-02,28.2,11.604296875,20.925,5.621875,0.0,,,0.0,blend:dynamical+openmeteo,0.0,,,0.07610000615460467,,0.0,0.0,,,4,0.3655261519360369,1021.0,,342.59520000000003,,340.20940482666833,,-678.4048,,,,,,,,,,,27.4,,,,,,,,,,0,0,0,,,,,none,0,0,1.0,,,,,,,15.303125000000001,11.604296875,0.0,11.604296875,11.604296875,0.0,1.0,0.0,0.0,0.0,0.0,,,,0.0,0.0,0.0,1.0,0.0,0.0,0.0,0.0,,16.013928075,,16.029435743626657,16.02168190931333,0.0,0.0,0.0,0.0,0.0,1.0,16.02168190931333,16.02168190931333,0.07610000615460467,0.07610000615460467,0.8830870636073598,1.2192500919058626,1.2192500919058626,0.3655261519360369,,,,,,0.0,0.0,0.0,0.0,0.15325133357841564,0.0,0.002540104358137214,06088500,Muddy Creek at Vaughn MT,47.56126667,-111.54176944,MT,,,BLWM8,15.27,muddy-vaughn,unknown,low,0,4,tributary,2026-04-20-static-v1
2025-11-02,254.0,11.954296875,21.275,5.971875,0.0,,,0.0,blend:dynamical+openmeteo,0.0,,0.0,0.0,,0.0,0.0,,0.0,4,0.5111471839547788,1014.0,,339.54720000000003,,337.69934889814004,,-674.4528,,,,,,,,,,,253.0,,,,,,,,,,0,0,0,,,,,none,0,0,1.0,,,,,,,15.303124999999998,11.954296875,0.0,11.954296875,11.954296875,0.0,1.0,0.0,0.0,0.0,0.0,,,,0.0,0.0,0.0,1.0,0.0,0.0,0.0,0.0,,16.338240075,,16.35025110716209,16.344245591081048,0.0,0.0,0.0,0.0,0.0,1.0,16.344245591081048,16.344245591081048,0.0,0.0,0.0,0.0,0.0,0.5111471839547788,,,,,,0.0,0.0,0.0,0.0,0.15,0.0,0.0,06089000,Sun River near Vaughn MT,47.52577778,-111.511036,MT,,,GTF,11.3,sun-vaughn,unknown,low,0,4,corridor,2026-04-20-static-v1
2025-11-02,3570.0,12.824609375,21.575,6.890625,0.0,,,0.0,blend:dynamical+openmeteo,0.0,,,0.0,,0.0,0.0,,,4,0.26946811913427954,870.0,,308.1528,,330.90363510988055,,-561.8471999999999,,,,,,,,,,,3580.0,,,,,,,,,,0,0,0,,,,,none,0,0,1.0,,,,,,,14.684375,12.824609375,0.0,12.824609375,12.824609375,0.0,1.0,0.0,0.0,0.0,0.0,,,,0.0,0.0,0.0,1.0,0.0,0.0,0.0,0.0,,16.476616175,,16.328735746785775,16.402675960892886,0.0,0.0,0.0,0.0,0.0,1.0,16.402675960892886,16.402675960892886,0.0,0.0,0.0,0.0,0.0,0.26946811913427954,,,,,,0.0,0.0,0.0,0.0,0.15,0.0,0.0,06090300,Missouri River near Great Falls MT,47.5844444,-111.0605806,MT,,,HIWM8,16.43,missouri-great,unknown,low,0,4,corridor,2026-04-20-static-v1
2025-11-02,29.0,10.93828125,20.1,4.9984375,0.0,,,0.0,blend:dynamical+openmeteo,,,0.0,30.137007045525557,367.7412,0.0,,,0.0,4,0.17665759566118353,1210.0,,348.69120000000004,,406.3954159475844,,-861.3088,,,,,,,,,,,28.5,,,,,,,,,,0,0,0,,,,,none,0,0,1.0,,,,,,,15.101562500000002,10.93828125,0.0,10.93828125,10.93828125,0.0,1.0,0.0,0.0,0.0,0.0,,,,0.0,0.0,0.0,1.0,0.0,0.0,0.0,0.0,,16.53678845,,16.1617110463407,16.34924974817035,0.0,0.0,0.0,0.0,0.0,1.0,16.34924974817035,16.34924974817035,30.137007045525557,30.137007045525557,329.6470590971901,492.7174548496668,250.0,0.17665759566118353,,,,,,0.0,0.0,0.0,0.0,0.35,1.0,0.25,06090500,Belt Creek near Monarch MT,47.20859444,-110.93174722,MT,,,MT-CC-7,23.5,belt-monarch,unknown,low,0,4,tributary,2026-04-20-static-v1
2025-11-02,3850.0,13.36953125,21.95,7.49375,0.01001805067062378,,,0.0,blend:dynamical+openmeteo,0.0,,0.0,0.0,,0.0,0.0,,0.0,4,0.5805066567726682,797.0,,245.9736,,272.2619030315475,,-551.0264,,,,,,,,,,,3900.0,,,,,,,,,,0,0,0,,,,,none,0,0,1.0,,,,,,,14.456249999999999,13.36953125,0.0,13.36953125,13.36953125,0.0,1.0,0.0,0.01001805067062378,0.01001805067062378,0.01001805067062378,,1.0,,0.01001805067062378,0.01001805067062378,0.0,1.0,0.0,0.0,0.0,0.0,,16.951202849999998,,16.78032888029494,16.86576586514747,0.0,0.0,0.01001805067062378,0.0,0.01001805067062378,1.0,16.86576586514747,16.86576586514747,0.0,0.0,0.0,0.0,0.0,0.5805066567726682,,,,,,0.0,0.0,0.0,0.0,0.15005509927868843,0.0,5.0090253353118896e-05,06090800,Missouri River at Fort Benton MT,47.8169111,-110.6661417,MT,,,FTBM8,1.56,missouri-fort,unknown,low,0,4,corridor,2026-04-20-static-v1
2025-11-02,131.0,5.3433349609375,12.33125,0.9771728515625,4.32641361951828,,,0.0,blend:dynamical+openmeteo,1.2903200000000001,,,3.247232952841724,0.0,,1.2903200000000001,,,4,0.26946297184340084,1276.0,,449.58000000000004,,459.4853326693767,,-826.42,,,,,,,,,,,79.4,,,,,,,,,,0,0,0,,,,,none,0,0,1.0,,,,,,,11.3540771484375,5.3433349609375,0.0,5.3433349609375,5.3433349609375,0.0,1.0,0.0,4.32641361951828,4.32641361951828,4.32641361951828,,1.0,,4.32641361951828,4.32641361951828,0.0,1.0,0.0,0.0,0.0,0.0,,10.7150649609375,,10.65068029858655,10.682872629762025,0.0,0.0,4.32641361951828,0.0,4.32641361951828,1.0,10.682872629762025,10.682872629762025,3.247232952841724,3.247232952841724,17.351053363227496,34.68977603437418,34.68977603437418,0.26946297184340084,,,,,,0.0,0.0,0.0,0.0,0.26630134433234837,0.0,0.09390243483587093,06091700,Two Medicine River bl South Fork nr Browning MT,48.42695278,-112.9899833,MT,,,DOGM8,7.64,two-medicine,unknown,low,0,4,corridor,2026-04-20-static-v1
2025-11-02,29.9,8.339453125,15.975,3.884375,0.5050090253353119,,,0.0,blend:dynamical+openmeteo,0.0,,,0.11495359532291663,,,0.0,,,4,0.3381256773569806,1089.0,,356.31120000000004,,355.78165394334286,,-732.6887999999999,,,,,,,,,,,30.2,,,,,,,,,,0,0,0,,,,,none,0,0,1.0,,,,,,,12.090625,8.339453125,0.0,8.339453125,8.339453125,0.0,1.0,0.0,0.5050090253353119,0.5050090253353119,0.5050090253353119,,1.0,,0.5050090253353119,0.5050090253353119,0.0,1.0,0.0,0.0,0.0,0.0,,13.101930325,,13.10537237436827,13.103651349684135,0.0,0.0,0.5050090253353119,0.0,0.5050090253353119,1.0,13.103651349684135,13.103651349684135,0.11495359532291663,0.11495359532291663,0.9586501197456825,1.5063118345041804,1.5063118345041804,0.3381256773569806,,,,,,0.0,0.0,0.0,0.0,0.15679438119802203,0.0,0.005663194781893602,06099000,Cut Bank Creek at Cut Bank MT,48.63340278,-112.3464806,MT,,,CTB,3.96,cut-bank,unknown,low,0,4,tributary,2026-04-20-static-v1
2025-11-02,167.0,9.8078125,17.9625,5.134375,0.3,,,0.0,blend:dynamical+openmeteo,0.0,,,0.15702839168283572,,0.0,0.0,,,4,0.16878197633501793,947.0,,342.90000000000003,,331.3940028341234,,-604.0999999999999,,,,,,,,,,,166.0,,,,,,,,,,0,0,0,,,,,none,0,0,1.0,,,,,,,12.828124999999998,9.8078125,0.0,9.8078125,9.8078125,0.0,1.0,0.0,0.3,0.3,0.3,,1.0,,0.3,0.3,0.0,1.0,0.0,0.0,0.0,0.0,,13.7344625,,13.809251481578197,13.771856990789098,0.0,0.0,0.3,0.0,0.3,1.0,13.771856990789098,13.771856990789098,0.15702839168283572,0.15702839168283572,1.5401050228018123,2.1625725537496296,2.1625725537496296,0.16878197633501793,,,,,,0.0,0.0,0.0,0.0,0.15741686014333237,0.0,0.006005359486978395,06099500,Marias River near Shelby MT,48.4271972,-111.889836,MT,,,CNNM8,13.88,marias-shelby,unknown,low,0,4,corridor,2026-04-20-static-v1
2025-11-02,253.0,11.589453125,19.8125,6.365625,0.0,,,0.0,blend:dynamical+openmeteo,,,0.0,0.0,,0.0,,,0.0,4,0.37574014989190696,862.0,,261.8232,,269.8384021080814,,-600.1768,,,,,,,,,,,253.0,,,,,,,,,,0,0,0,,,,,none,0,0,1.0,,,,,,,13.446875,11.589453125,0.0,11.589453125,11.589453125,0.0,1.0,0.0,0.0,0.0,0.0,,,,0.0,0.0,0.0,1.0,0.0,0.0,0.0,0.0,,15.490602325000001,,15.438503511297471,15.464552918148737,0.0,0.0,0.0,0.0,0.0,1.0,15.464552918148737,15.464552918148737,0.0,0.0,0.0,0.0,0.0,0.37574014989190696,,,,,,0.0,0.0,0.0,0.0,0.15,0.0,0.0,06101500,Marias River near Chester MT,48.3059611,-111.0805278,MT,,,MT-LY-24,3.12,marias-chester,unknown,low,0,4,corridor,2026-04-20-static-v1
2025-11-02,12.5,13.333203125,21.4375,7.509375,0.01001805067062378,,,0.0,blend:dynamical+openmeteo,0.0,,,0.0,,0.0,0.0,,,4,0.4022324932043355,789.0,,255.7272,,269.0466082765701,,-533.2728,,,,,,,,,,,13.0,,,,,,,,,,0,0,0,,,,,none,0,0,1.0,,,,,,,13.928125,13.333203125,0.0,13.333203125,13.333203125,0.0,1.0,0.0,0.01001805067062378,0.01001805067062378,0.01001805067062378,,1.0,,0.01001805067062378,0.01001805067062378,0.0,1.0,0.0,0.0,0.0,0.0,,16.799476325,,16.712900171202293,16.756188248101147,0.0,0.0,0.01001805067062378,0.0,0.01001805067062378,1.0,16.756188248101147,16.756188248101147,0.0,0.0,0.0,0.0,0.0,0.4022324932043355,,,,,,0.0,0.0,0.0,0.0,0.15005509927868843,0.0,5.0090253353118896e-05,06108800,Teton River at Loma MT,47.9327194,-110.5144333,MT,,,LOAM8,2.88,teton-loma,unknown,low,0,4,corridor,2026-04-20-static-v1
2025-11-02,4110.0,13.498828125,21.35,7.33125,0.00500902533531189,,,0.0,blend:dynamical+openmeteo,4.064,,,1.3392556499050554,,0.0,4.064,,,4,0.20744516851986552,764.0,,286.2072,,265.7685263500315,,-477.7928,,,,,,,,,,,4060.0,,,,,,,,,,0,0,0,,,,,none,0,0,1.0,,,,,,,14.01875,13.498828125,0.0,13.498828125,13.498828125,0.0,1.0,0.0,0.00500902533531189,0.00500902533531189,0.00500902533531189,,1.0,,0.00500902533531189,0.00500902533531189,0.0,1.0,0.0,0.0,0.0,0.0,,16.604481325,,16.737332703724796,16.6709070143624,0.0,0.0,0.00500902533531189,0.0,0.00500902533531189,1.0,16.6709070143624,16.6709070143624,1.3392556499050554,1.3392556499050554,18.078381833503514,22.326606408026663,22.326606408026663,0.20744516851986552,,,,,,0.0,0.0,0.0,0.0,0.20956516672741532,0.0,0.046538808476732106,06109500,Missouri River at Virgelle MT,48.0037833,-110.2588222,MT,,,BSEM8,16.92,missouri-virgelle,unknown,low,0,4,corridor,2026-04-20-static-v1
2025-11-02,11.1,10.041796875,17.675,5.6359375,0.2997781753540039,,,1.0,blend:dynamical+openmeteo,0.0,,,165.07347982619086,1017.7428955176424,0.0,0.0,,,4,0.1957833899739775,1437.0,,393.4968,,528.3437403007555,,-1043.5032,,,,,,,,,,,11.1,,,,,,,,,,0,0,0,,,,,none,0,0,1.0,,,,,,,12.0390625,10.041796875,0.0,10.041796875,10.041796875,0.0,1.0,0.0,0.2997781753540039,0.2997781753540039,0.2997781753540039,,1.0,,0.2997781753540039,0.2997781753540039,1.0,1.0,0.0,0.0,0.0,0.0,,16.824567675,,15.948062563045088,16.386315119022544,0.0,0.0,0.2997781753540039,0.0,0.2997781753540039,1.0,16.386315119022544,16.386315119022544,165.07347982619086,165.07347982619086,1657.6343538640187,2704.9460582255742,250.0,0.1957833899739775,,,,,,0.0,0.0,0.0,0.0,0.351648779964447,1.0,0.25149889087677,06110020,Judith River above Carr Creek near Utica MT,46.9177222,-110.1889444,MT,,,MCIM8,23.74,judith-carr,unknown,low,0,4,tributary,2026-04-20-static-v1
2025-11-02,155.0,11.35859375,18.575,6.696875,0.04988908767700195,,,0.0,blend:dynamical+openmeteo,0.0,,,6.076998630195694,258.06399999999996,,0.0,,,4,0.3220661229489492,1172.0,,383.4384,,401.1794834166978,,-788.5616,,,,,,,,,,,155.0,,,,,,,,,,0,0,0,,,,,none,0,0,1.0,,,,,,,11.878124999999999,11.35859375,0.0,11.35859375,11.35859375,0.0,1.0,0.0,0.04988908767700195,0.04988908767700195,0.04988908767700195,,1.0,,0.04988908767700195,0.04988908767700195,0.0,1.0,0.0,0.0,0.0,0.0,,16.484244150000002,,16.368927107791464,16.426585628895733,0.0,0.0,0.04988908767700195,0.0,0.04988908767700195,1.0,16.426585628895733,16.426585628895733,6.076998630195694,6.076998630195694,69.02615865969938,99.82433836559164,99.82433836559164,0.3220661229489492,,,,,,0.0,0.0,0.0,0.0,0.3502743899822235,1.0,0.2082168170333676,06111800,Big Spring Cr at R&B Trading Post nr Lewistown MT,47.0878333,-109.4575,MT,,,LWT,4.3,spring-trading,unknown,low,0,4,corridor,2026-04-20-static-v1
2025-11-02,4560.0,13.048046875,19.8375,9.159375,0.0,,,0.0,blend:dynamical+openmeteo,4.13004,,,2.1935984742684727,,0.0,4.13004,,,4,0.14075708083518632,689.0,,281.0256,,281.92650189974154,,-407.9744,,,,,,,,,,,4560.0,,,,,,,,,,0,0,0,,,,,none,0,0,1.0,,,,,,,10.678124999999998,13.048046875,0.0,13.048046875,13.048046875,0.0,1.0,0.0,0.0,0.0,0.0,,,,0.0,0.0,0.0,1.0,0.0,0.0,0.0,0.0,,15.699880475,,15.694024612651681,15.69695254382584,0.0,0.0,0.0,0.0,0.0,1.0,15.69695254382584,15.69695254382584,2.1935984742684727,2.1935984742684727,28.622175717183513,34.43281115080099,34.43281115080099,0.14075708083518632,,,,,,0.0,0.0,0.0,0.0,0.2418208297354693,0.0,0.07173502323083539,06115200,Missouri River near Landusky MT,47.631431,-108.687744,MT,,,RYOM8,28.08,missouri-landusky,unknown,low,0,4,corridor,2026-04-20-static-v1
2025-11-02,36.2,9.323046875,16.825,5.1546875,0.17002522945404053,,,0.0,blend:dynamical+openmeteo,0.0,,,51.90713311791397,839.2462459045097,0.0,0.0,,,4,0.4244755946068111,1421.0,,431.59680000000003,,491.78337988673206,,-989.4032,,,,,,,,,,,36.2,,,,,,,,,,0,0,0,,,,,none,0,0,1.0,,,,,,,11.6703125,9.323046875,0.0,9.323046875,9.323046875,0.0,1.0,0.0,0.17002522945404053,0.17002522945404053,0.17002522945404053,,1.0,,0.17002522945404053,0.17002522945404053,0.0,1.0,0.0,0.0,0.0,0.0,,15.754167674999998,,15.362954905736242,15.55856129036812,0.0,0.0,0.17002522945404053,0.0,0.17002522945404053,1.0,15.55856129036812,15.55856129036812,51.90713311791397,51.90713311791397,483.93263520517684,807.6003120223613,250.0,0.4244755946068111,,,,,,0.0,0.0,0.0,0.0,0.3509351387619972,1.0,0.2508501261472702,06119600,"Musselshell River nr Martinsdale, MT",46.4769583,-110.2489667,MT,,,TWOM8,4.74,musselshell-martinsdale,unknown,low,0,4,corridor,2026-04-20-static-v1
2025-11-02,57.3,10.6515625,17.45,7.146875,0.05489811301231384,,,0.0,blend:dynamical+openmeteo,0.0,,,0.0,,0.0,0.0,,,4,0.2665219073018342,1273.0,,378.8664,,414.92266571482037,,-894.1336,,,,,,,,,,,56.1,,,,,,,,,,0,0,0,,,,,none,0,0,1.0,,,,,,,10.303125,10.6515625,0.0,10.6515625,10.6515625,0.0,1.0,0.0,0.05489811301231384,0.05489811301231384,0.05489811301231384,,1.0,,0.05489811301231384,0.05489811301231384,0.0,1.0,0.0,0.0,0.0,0.0,,16.4634309,,16.22906517285367,16.346248036426836,0.0,0.0,0.05489811301231384,0.0,0.05489811301231384,1.0,16.346248036426836,16.346248036426836,0.0,0.0,0.0,0.0,0.0,0.2665219073018342,,,,,,0.0,0.0,0.0,0.0,0.1503019396215677,0.0,0.0002744905650615692,06120500,Musselshell River at Harlowton MT,46.4288,-109.8411944,MT,,,HWTM8,10.91,musselshell-harlowton,unknown,low,0,4,corridor,2026-04-20-static-v1
2025-11-02,43.2,12.290625,18.05,9.2,0.0,,,0.0,blend:dynamical+openmeteo,,,0.0,0.473160998515255,0.0,0.0,,,0.0,4,0.6233400910570082,976.0,,308.1528,,310.5466667451359,,-667.8471999999999,,,,,,,,,,,42.5,,,,,,,,,,0,0,0,,,,,none,0,0,1.0,,,,,,,8.850000000000001,12.290625,0.0,12.290625,12.290625,0.0,1.0,0.0,0.0,0.0,0.0,,,,0.0,0.0,0.0,1.0,0.0,0.0,0.0,0.0,,16.6316318,,16.616071666156618,16.62385173307831,0.0,0.0,0.0,0.0,0.0,1.0,16.62385173307831,16.62385173307831,0.473160998515255,0.473160998515255,5.815444397376556,7.865758285192886,7.865758285192886,0.6233400910570082,,,,,,0.0,0.0,0.0,0.0,0.170975355427181,0.0,0.01638699642748518,06126500,Musselshell River near Roundup MT,46.4277194,-108.5701028,MT,,,MT-MH-18,6.15,musselshell-roundup,unknown,low,0,4,corridor,2026-04-20-static-v1
2025-11-02,6.59,14.01875,20.2625,10.90625,0.0,,,0.0,blend:dynamical+openmeteo,5.742940000000001,,,3.301422011655519,,,5.742940000000001,,,4,0.18877329598565173,779.0,,259.38480000000004,,276.64617023050073,,-519.6152,,,,,,,,,,,6.14,,,,,,,,,,0,0,0,,,,,none,0,0,1.0,,,,,,,9.35625,14.01875,0.0,14.01875,14.01875,0.0,1.0,0.0,0.0,0.0,0.0,,,,0.0,0.0,0.0,1.0,0.0,0.0,0.0,0.0,,17.396248800000002,,17.284049893501745,17.340149346750874,0.0,0.0,0.0,0.0,0.0,1.0,17.340149346750874,17.340149346750874,3.301422011655519,3.301422011655519,46.281809825895806,57.2471507387574,57.2471507387574,0.18877329598565173,,,,,,0.0,0.0,0.0,0.0,0.3026590686366864,1.0,0.11926489737241125,06130000,Flatwillow Creek near Mosby MT,46.9286611,-107.9328417,MT,,,MOYM8,16.3,flatwillow-mosby,unknown,low,0,4,tributary,2026-04-20-static-v1
2025-11-02,70.0,13.81875,20.1125,10.40625,0.0,,,0.0,blend:dynamical+openmeteo,1.22682,,,2.8980738761758316,,,1.22682,,,4,0.18870212362478078,760.0,,277.9776,,279.2027778055556,,-482.0224,,,,,,,,,,,69.9,,,,,,,,,,0,0,0,,,,,none,0,0,1.0,,,,,,,9.70625,13.81875,0.0,13.81875,13.81875,0.0,1.0,0.0,0.0,0.0,0.0,,,,0.0,0.0,0.0,1.0,0.0,0.0,0.0,0.0,,16.9518956,,16.943931944263888,16.947913772131944,0.0,0.0,0.0,0.0,0.0,1.0,16.947913772131944,16.947913772131944,2.8980738761758316,2.8980738761758316,40.04775837640477,49.11630615869618,49.11630615869618,0.18870212362478078,,,,,,0.0,0.0,0.0,0.0,0.28097681642318983,1.0,0.10232563783061704,06130500,Musselshell River at Mosby MT,46.99469167,-107.8891639,MT,,,MOBM8,17.47,musselshell-mosby,unknown,low,0,4,corridor,2026-04-20-static-v1
2025-11-02,45.4,12.25,20.3125,4.278125,0.0,,,0.0,blend:dynamical+openmeteo,0.0,,0.0,0.08211131490026173,,0.0,0.0,,0.0,4,0.5603155081106713,755.0,,238.9632,,241.48875086659342,,-516.0368,,,,,,,,,,,40.9,,,,,,,,,,0,0,0,,,,,none,0,0,1.0,,,,,,,16.034375,12.25,0.0,12.25,12.25,0.0,1.0,0.0,0.0,0.0,0.0,,,,0.0,0.0,0.0,1.0,0.0,0.0,0.0,0.0,,15.6042392,,15.587823119367144,15.596031159683573,0.0,0.0,0.0,0.0,0.0,1.0,15.596031159683573,15.596031159683573,0.08211131490026173,0.08211131490026173,1.0058636075282061,1.280610625747072,1.280610625747072,0.5603155081106713,,,,,,0.0,0.0,0.0,0.0,0.15341496166865887,0.0,0.0026679388036397332,06140500,Milk River at Havre MT,48.5636861,-109.6959556,MT,,,HVR,5.47,milk-havre,unknown,low,0,4,corridor,2026-04-20-static-v1
2025-11-02,1.75,13.39609375,20.45,6.25,0.0,,,0.0,blend:dynamical+openmeteo,0.0,,0.0,0.0,,0.0,0.0,,0.0,4,0.5182494949834353,833.0,,249.936,,259.05240588676406,,-583.064,,,,,,,,,,,1.55,,,,,,,,,,0,0,0,,,,,none,0,0,1.0,,,,,,,14.2,13.39609375,0.0,13.39609375,13.39609375,0.0,1.0,0.0,0.0,0.0,0.0,,,,0.0,0.0,0.0,1.0,0.0,0.0,0.0,0.0,,17.18600975,,17.126753111736033,17.156381430868016,0.0,0.0,0.0,0.0,0.0,1.0,17.156381430868016,17.156381430868016,0.0,0.0,0.0,0.0,0.0,0.5182494949834353,,,,,,0.0,0.0,0.0,0.0,0.15,0.0,0.0,06154400,Peoples Creek near Hays MT,48.2237333,-108.7140528,MT,,,HLMM8,3.11,peoples-hays,unknown,low,0,4,tributary,2026-04-20-static-v1
2025-11-02,74.9,13.393359375,19.5625,7.428125,0.1,,,0.0,blend:dynamical+openmeteo,0.0,,,1.7075738746329268,,,0.0,,,4,0.11532116121479492,687.0,,236.5248,,240.4761046238488,,-450.4752,,,,,,,,,,,75.6,,,,,,,,,,0,0,0,,,,,none,0,0,1.0,,,,,,,12.134375,13.393359375,0.0,13.393359375,13.393359375,0.0,1.0,0.0,0.1,0.1,0.1,,1.0,,0.1,0.1,0.0,1.0,0.0,0.0,0.0,0.0,,16.321448175,,16.29576469494498,16.30860643497249,0.0,0.0,0.1,0.0,0.1,1.0,16.30860643497249,16.30860643497249,1.7075738746329268,1.7075738746329268,22.87015056231998,27.848150280029458,27.848150280029458,0.11532116121479492,,,,,,0.0,0.0,0.0,0.0,0.22481173408007854,0.0,0.05851697975006137,06155500,Milk River at Malta MT,48.3621944,-107.876375,MT,,,WAGM8,22.99,milk-malta,unknown,low,0,4,corridor,2026-04-20-static-v1
2025-11-02,125.0,12.915234375,18.1875,7.878125,0.15,,,0.0,blend:dynamical+openmeteo,0.5156200000000001,,,0.49842760304147665,,0.0,0.5156200000000001,,,4,0.12558927508674805,656.0,,252.3744,,238.19807839178586,,-403.62559999999996,,,,,,,,,,,121.0,,,,,,,,,,0,0,0,,,,,none,0,0,1.0,,,,,,,10.309375,12.915234375,0.0,12.915234375,12.915234375,0.0,1.0,0.0,0.15,0.15,0.15,,1.0,,0.15,0.15,0.0,1.0,0.0,0.0,0.0,0.0,,15.538800775,,15.630946865453392,15.584873820226697,0.0,0.0,0.15,0.0,0.15,1.0,15.584873820226697,15.584873820226697,0.49842760304147665,0.49842760304147665,6.437309312250134,7.767931301919454,7.767931301919454,0.12558927508674805,,,,,,0.0,0.0,0.0,0.0,0.1715394834717852,0.0,0.016933190212332198,06164510,Milk River at Juneberg Bridge nr Saco MT,48.50920278,-107.2187556,MT,,,SASM8,27.42,milk-juneberg,unknown,low,0,4,corridor,2026-04-20-static-v1
2025-11-02,1.93,12.965234375,18.1375,7.878125,0.1,,,0.0,blend:dynamical+openmeteo,0.5156200000000001,,,1.7350423635723684,,0.0,0.5156200000000001,,,4,0.13082571664359535,656.0,,252.3744,,229.70292104275208,,-403.62559999999996,,,,,,,,,,,1.98,,,,,,,,,,0,0,0,,,,,none,0,0,1.0,,,,,,,10.259374999999999,12.965234375,0.0,12.965234375,12.965234375,0.0,1.0,0.0,0.1,0.1,0.1,,1.0,,0.1,0.1,0.0,1.0,0.0,0.0,0.0,0.0,,15.588800775,,15.736165388222112,15.662483081611056,0.0,0.0,0.1,0.0,0.1,1.0,15.662483081611056,15.662483081611056,1.7350423635723684,1.7350423635723684,22.495230894269717,27.175071665330677,27.175071665330677,0.13082571664359535,,,,,,0.0,0.0,0.0,0.0,0.22301685777421515,0.0,0.05711473263610558,06167500,Beaver Creek near Hinsdale MT,48.4203111,-107.1711389,MT,,,SASM8,21.72,beaver-hinsdale,unknown,low,0,4,tributary,2026-04-20-static-v1
2025-11-02,2.28,11.21171875,15.975,6.146875,0.00500902533531189,,,0.0,blend:dynamical+openmeteo,0.7086600000000001,,,0.3264008828546374,,0.0,0.7086600000000001,,,4,0.08593123497871556,770.0,,289.8648,,271.31077201283756,,-480.1352,,,,,,,,,,,2.23,,,,,,,,,,0,0,0,,,,,none,0,0,1.0,,,,,,,9.828125,11.21171875,0.0,11.21171875,11.21171875,0.0,1.0,0.0,0.00500902533531189,0.00500902533531189,0.00500902533531189,,1.0,,0.00500902533531189,0.00500902533531189,0.0,1.0,0.0,0.0,0.0,0.0,,14.33259755,,14.453198731916554,14.392898140958277,0.0,0.0,0.00500902533531189,0.0,0.00500902533531189,1.0,14.392898140958277,14.392898140958277,0.3264008828546374,0.3264008828546374,3.659514898317892,4.697854660045651,4.697854660045651,0.08593123497871556,,,,,,0.0,0.0,0.0,0.0,0.1625551620661326,0.0,0.009812242335105,06169500,Rock Creek bl Horse Creek nr int'l boundary,48.969375,-106.8398417,MT,,,OHMM8,38.83,rock-horse,unknown,low,0,4,tributary,2026-04-20-static-v1
2025-11-02,145.0,12.46640625,16.65,8.8875,0.0,,,0.0,blend:dynamical+openmeteo,0.7086600000000001,,,0.33265629981089395,,0.0,0.7086600000000001,,,4,0.40721459531443843,630.0,,220.37040000000002,,213.99476833437913,,-409.6296,,,,,,,,,,,142.0,,,,,,,,,,0,0,0,,,,,none,0,0,1.0,,,,,,,7.762499999999999,12.46640625,0.0,12.46640625,12.46640625,0.0,1.0,0.0,0.0,0.0,0.0,,,,0.0,0.0,0.0,1.0,0.0,0.0,0.0,0.0,,15.12899865,,15.170440255826536,15.149719452913267,0.0,0.0,0.0,0.0,0.0,1.0,15.149719452913267,15.149719452913267,0.33265629981089395,0.33265629981089395,4.147028575064402,5.039649616379248,5.039649616379248,0.40721459531443843,,,,,,0.0,0.0,0.0,0.0,0.163439065643678,0.0,0.010499270034123433,06174500,Milk River at Nashua MT,48.13005278,-106.3643139,MT,,,NUAM8,8.01,milk-nashua,unknown,low,0,4,corridor,2026-04-20-static-v1
2025-11-02,3960.0,12.853125,17.1,9.95625,0.05,,,0.0,blend:dynamical+openmeteo,0.0,,,0.0,,0.0,0.0,,,4,0.17485865528067884,598.0,,206.3496,,209.3349652309457,,-391.6504,,,,,,,,,,,3950.0,,,,,,,,,,0,0,0,,,,,none,0,0,1.0,,,,,,,7.143750000000001,12.853125,0.0,12.853125,12.853125,0.0,1.0,0.0,0.05,0.05,0.05,,1.0,,0.05,0.05,0.0,1.0,0.0,0.0,0.0,0.0,,15.398852600000001,,15.379447725998853,15.389150162999428,0.0,0.0,0.05,0.0,0.05,1.0,15.389150162999428,15.389150162999428,0.0,0.0,0.0,0.0,0.0,0.17485865528067884,,,,,,0.0,0.0,0.0,0.0,0.150275,0.0,0.00025,06177000,Missouri River near Wolf Point MT,48.067325,-105.5330972,MT,,,WOFM8,19.32,missouri-wolf,unknown,low,0,4,corridor,2026-04-20-static-v1
2025-11-02,0.43,12.78828125,15.9375,9.50625,0.0,,,0.0,blend:dynamical+openmeteo,0.0,,,0.0,,0.0,0.0,,,4,0.11913216145803149,732.0,,237.1344,,231.29562535863013,,-494.8656,,,,,,,,,,,0.49,,,,,,,,,,0,0,0,,,,,none,0,0,1.0,,,,,,,6.43125,12.78828125,0.0,12.78828125,12.78828125,0.0,1.0,0.0,0.0,0.0,0.0,,,,0.0,0.0,0.0,1.0,0.0,0.0,0.0,0.0,,16.00490765,,16.042859685168906,16.023883667584453,0.0,0.0,0.0,0.0,0.0,1.0,16.023883667584453,16.023883667584453,0.0,0.0,0.0,0.0,0.0,0.11913216145803149,,,,,,0.0,0.0,0.0,0.0,0.15,0.0,0.0,06177500,Redwater River at Circle MT,47.4139722,-105.5756444,MT,,,WAYM8,18.91,redwater-circle,unknown,low,0,4,corridor,2026-04-20-static-v1
2025-11-02,3.82,11.18828125,15.2125,6.18125,1.25,,,0.0,blend:dynamical+openmeteo,0.0,,,0.14786909385745464,,0.0,0.0,,,4,0.11555396695066425,752.0,,226.77120000000002,,236.62447440701098,,-525.2288,,,,,,,,,,,3.91,,,,,,,,,,0,0,0,,,,,none,0,0,1.0,,,,,,,9.03125,11.18828125,0.0,11.18828125,11.18828125,0.0,1.0,0.0,1.25,1.25,1.25,,1.0,,1.25,1.25,0.0,1.0,0.0,0.0,0.0,0.0,,14.602268449999999,,14.538222166354428,14.570245308177213,0.0,0.0,1.25,0.0,1.25,1.0,14.570245308177213,14.570245308177213,0.14786909385745464,0.14786909385745464,1.6544010102598499,2.1544889710009945,2.1544889710009945,0.11555396695066425,,,,,,0.0,0.0,0.0,0.0,0.1626203039226693,0.0,0.010738518689585405,06178000,Poplar River at international boundary,48.9902861,-105.6969083,MT,,,SCYM8,20.55,poplar-international,unknown,low,0,4,corridor,2026-04-20-static-v1
2025-11-02,28.9,12.471875,15.95,10.075,0.05,,,0.0,blend:dynamical+openmeteo,0.0,,,0.0,,0.0,0.0,,,4,0.24844002933566162,598.0,,197.8152,,201.07099074563308,,-400.1848,,,,,,,,,,,28.0,,,,,,,,,,0,0,0,,,,,none,0,0,1.0,,,,,,,5.875,12.471875,0.0,12.471875,12.471875,0.0,1.0,0.0,0.05,0.05,0.05,,1.0,,0.05,0.05,0.0,1.0,0.0,0.0,0.0,0.0,,15.073076200000001,,15.051913560153386,15.062494880076693,0.0,0.0,0.05,0.0,0.05,1.0,15.062494880076693,15.062494880076693,0.0,0.0,0.0,0.0,0.0,0.24844002933566162,,,,,,0.0,0.0,0.0,0.0,0.150275,0.0,0.00025,06181000,Poplar River near Poplar MT,48.11791667,-105.1928167,MT,,,PARM8,6.96,poplar-poplar,unknown,low,0,4,corridor,2026-04-20-static-v1
2025-11-02,5.51,10.80390625,14.79375,7.33125,0.1,,,0.0,blend:dynamical+openmeteo,1.9989800000000002,,,1.1564249702114033,,0.0,1.9989800000000002,,,4,0.15186865185476464,602.0,,238.6584,,227.27644967806847,,-363.34159999999997,,,,,,,,,,,5.61,,,,,,,,,,0,0,0,,,,,none,0,0,1.0,,,,,,,7.4624999999999995,10.80390625,0.0,10.80390625,10.80390625,0.0,1.0,0.0,0.1,0.1,0.1,,1.0,,0.1,0.1,0.0,1.0,0.0,0.0,0.0,0.0,,13.16562665,,13.239609327092555,13.202617988546278,0.0,0.0,0.1,0.0,0.1,1.0,13.202617988546278,13.202617988546278,1.1564249702114033,1.1564249702114033,12.493906963323045,15.267837114117167,15.267837114117167,0.15186865185476464,,,,,,0.0,0.0,0.0,0.0,0.19126423230431244,0.0,0.0323079939877441,06183450,Big Muddy Creek near Antelope MT,48.6728972,-104.5120861,MT,,,DOOM8,20.17,muddy-antelope,unknown,low,0,4,tributary,2026-04-20-static-v1
2025-11-02,6.13,11.92890625,14.73125,9.75,0.05,,,0.0,blend:dynamical+openmeteo,1.6764000000000001,,,0.9270893778330399,,0.0,1.6764000000000001,,,4,0.2127568670267248,582.0,,193.2432,,200.06072063509555,,-388.7568,,,,,,,,,,,8.99,,,,,,,,,,0,0,0,,,,,none,0,0,1.0,,,,,,,4.981249999999999,11.92890625,0.0,11.92890625,11.92890625,0.0,1.0,0.0,0.05,0.05,0.05,,1.0,,0.05,0.05,0.0,1.0,0.0,0.0,0.0,0.0,,14.45582545,,14.41151156587188,14.433668507935941,0.0,0.0,0.05,0.0,0.05,1.0,14.433668507935941,14.433668507935941,0.9270893778330399,0.9270893778330399,11.059162273541162,13.381300756870672,13.381300756870672,0.2127568670267248,,,,,,0.0,0.0,0.0,0.0,0.18595846868498847,0.0,0.028127709910147233,06185110,Big Muddy Creek nr mouth nr Culbertson MT,48.16448056,-104.6295194,MT,,,FTKM8,12.38,muddy-mouth,unknown,low,0,4,tributary,2026-04-20-static-v1
2025-11-02,4130.0,12.34296875,15.275,9.58125,0.05,,,0.0,blend:dynamical+openmeteo,0.0,,,0.5175072130849351,,0.0,0.0,,,4,0.1567322267589252,573.0,,199.0344,,198.87873970266696,,-373.9656,,,,,,,,,,,4170.0,,,,,,,,,,0,0,0,,,,,none,0,0,1.0,,,,,,,5.69375,12.34296875,0.0,12.34296875,12.34296875,0.0,1.0,0.0,0.05,0.05,0.05,,1.0,,0.05,0.05,0.0,1.0,0.0,0.0,0.0,0.0,,14.77374515,,14.774756941932665,14.774251045966333,0.0,0.0,0.05,0.0,0.05,1.0,14.774251045966333,14.774251045966333,0.5175072130849351,0.5175072130849351,6.387575359006945,7.645781484215224,7.645781484215224,0.1567322267589252,,,,,,0.0,0.0,0.0,0.0,0.17066375062457392,0.0,0.016178711425448383,06185500,Missouri River near Culbertson MT,48.1235,-104.4733,MT,,,FROM8,15.04,missouri-culbertson,unknown,low,0,4,corridor,2026-04-20-static-v1
2025-11-02,1070.0,4.8997314453125,8.675,2.5453125,1.349263846874237,,,1.0,blend:dynamical+openmeteo,380.6444,1329.0295999999998,,302.6776601279027,1522.5213012370098,0.0,380.6444,1329.0295999999998,,4,0.19339418770857256,1548.0,,751.332,,730.5751040451094,,-796.668,,,,,,,,,,,1070.0,,,,,,,,,,0,0,0,,,,,none,0,0,1.0,,,,,,,6.129687500000001,4.8997314453125,0.0,4.8997314453125,4.8997314453125,0.0,1.0,0.0,1.349263846874237,1.349263846874237,1.349263846874237,,1.0,,1.349263846874237,1.349263846874237,1.0,1.0,0.0,0.0,0.0,0.0,,10.078073445312501,,10.21299326901929,10.145533357165895,0.0,0.0,1.349263846874237,0.0,1.349263846874237,1.0,10.145533357165895,10.145533357165895,302.6776601279027,302.6776601279027,1483.0392491222942,3070.8262972965586,250.0,0.19339418770857256,,,,,,0.0,0.0,0.0,0.0,0.3574209511578083,1.0,0.2567463192343712,06191500,Yellowstone River at Corwin Springs MT,45.1121194,-110.7936667,MT,,,SHFM8,34.62,corwin-springs,unknown,low,0,4,mainstem,2026-04-20-static-v1
2025-11-02,1510.0,7.490625,13.34375,4.2453125,1.829524612426758,,,1.0,blend:dynamical+openmeteo,,,0.00508,4.150053381534304,83.8708,0.0022545021697293983,,,0.00508,4,0.37340970042671784,1384.0,,516.3312000000001,,493.90731665091437,,-867.6687999999999,,,,,,,,,,,1510.0,,,,,,,,,,0,0,0,,,,,none,0,0,1.0,,,,,,,9.0984375,7.490625,0.0,7.490625,7.490625,0.0,1.0,0.0,1.829524612426758,1.829524612426758,1.829524612426758,,1.0,,1.829524612426758,1.829524612426758,1.0,1.0,0.0,0.0,0.0,0.0,,13.1304722,,13.276227441769056,13.203349820884528,0.0,0.0,1.829524612426758,0.0,1.829524612426758,1.0,13.203349820884528,13.203349820884528,4.150053381534304,4.150053381534304,31.086493611055396,54.794606571742186,54.794606571742186,0.37340970042671784,,,,,,0.0,0.0,0.0,0.0,0.3061813362263264,1.0,0.12330305341993002,06192500,"Yellowstone River near Livingston, MT",45.5972111,-110.5664972,MT,,,MT-PK-7,11.22,livingston-livingston,unknown,low,0,4,mainstem,2026-04-20-static-v1
2025-11-02,16.1,6.6123046875,13.1375,2.8359375,0.2503610134124756,,,1.0,blend:dynamical+openmeteo,0.0,6.4516,,69.63474141526957,326.09667805161723,0.0,0.0,6.4516,,4,0.603316562347253,1831.0,,605.9424,,629.9005415183342,,-1225.0576,,,,,,,,,,,15.5,,,,,,,,,,0,0,0,,,,,none,0,0,1.0,,,,,,,10.3015625,6.6123046875,0.0,6.6123046875,6.6123046875,0.0,1.0,0.0,0.2503610134124756,0.2503610134124756,0.2503610134124756,,1.0,,0.2503610134124756,0.2503610134124756,1.0,1.0,0.0,0.0,0.0,0.0,,14.5751790875,,14.419451167630829,14.497315127565415,0.0,0.0,0.2503610134124756,0.0,0.2503610134124756,1.0,14.497315127565415,14.497315127565415,69.63474141526957,69.63474141526957,460.44612707303736,1009.5167901236935,250.0,0.603316562347253,,,,,,0.0,0.0,0.0,0.0,0.3513769855737686,1.0,0.25125180506706235,06192978,"Shields River bl SF Shields River nr Wilsall, MT",46.167125,-110.4919472,MT,,,PRPM8,6.38,shields-shields,unknown,low,0,4,tributary,2026-04-20-static-v1
2025-11-02,114.0,8.5685546875,15.35,4.5609375,2.480013942718506,,,1.0,blend:dynamical+openmeteo,,,0.00508,0.0,,0.002517608244813222,,,0.00508,4,0.2934711619176702,1349.0,,516.3312000000001,,455.57649392631083,,-832.6687999999999,,,,,,,,,,,112.0,,,,,,,,,,0,0,0,,,,,none,0,0,1.0,,,,,,,10.7890625,8.5685546875,0.0,8.5685546875,8.5685546875,0.0,1.0,0.0,2.480013942718506,2.480013942718506,2.480013942718506,,1.0,,2.480013942718506,2.480013942718506,1.0,1.0,0.0,0.0,0.0,0.0,,13.9809018875,,14.37580747697898,14.17835468223949,0.0,0.0,2.480013942718506,0.0,2.480013942718506,1.0,14.17835468223949,14.17835468223949,0.0,0.0,0.0,0.0,0.0,0.2934711619176702,,,,,,0.0,0.0,0.0,0.0,0.16364007668495179,0.0,0.01240006971359253,06195600,Shields River nr Livingston MT,45.7383611,-110.4794694,MT,,,MT-PK-7,11.97,shields-livingston,unknown,low,0,4,tributary,2026-04-20-static-v1
2025-11-02,15.0,6.666015625,12.375,2.978125,2.9845744132995606,,,0.0,blend:dynamical+openmeteo,0.0,0.0,,70.48937147955724,321.16927536531927,0.0,0.0,0.0,,4,0.7039703648395806,1878.0,,588.264,,607.12215362032,,-1289.7359999999999,,,,,,,,,,,14.3,,,,,,,,,,0,0,0,,,,,none,0,0,1.0,,,,,,,9.396875,6.666015625,0.0,6.666015625,6.666015625,0.0,1.0,0.0,2.9845744132995606,2.9845744132995606,2.9845744132995606,,1.0,,2.9845744132995606,2.9845744132995606,0.0,1.0,0.0,0.0,0.0,0.0,,15.049299624999998,,14.92672162646792,14.98801062573396,0.0,0.0,2.9845744132995606,0.0,2.9845744132995606,1.0,14.98801062573396,14.98801062573396,70.48937147955724,70.48937147955724,469.8832516791579,1056.495448736912,250.0,0.7039703648395806,,,,,,0.0,0.0,0.0,0.0,0.36641515927314755,1.0,0.2649228720664978,06197800,"East Boulder River bl Dry Fork Cr nr Mcleod, MT",45.5123333,-110.0877222,MT,,,EBMM8,1.12,boulder-dry,unknown,low,0,4,corridor,2026-04-20-static-v1
2025-11-02,206.0,10.517578125,17.25,6.2625,1.9166173934936523,,,0.0,blend:dynamical+openmeteo,0.0,,0.0,0.12796138840047705,,0.0,0.0,,0.0,4,0.5763720664363388,1242.0,,382.2192,,396.5749903052418,,-859.7808,,,,,,,,,,,207.0,,,,,,,,,,0,0,0,,,,,none,0,0,1.0,,,,,,,10.9875,10.517578125,0.0,10.517578125,10.517578125,0.0,1.0,0.0,1.9166173934936523,1.9166173934936523,1.9166173934936523,,1.0,,1.9166173934936523,1.9166173934936523,0.0,1.0,0.0,0.0,0.0,0.0,,16.106153325,,16.012840688015928,16.059497006507964,0.0,0.0,1.9166173934936523,0.0,1.9166173934936523,1.0,16.059497006507964,16.059497006507964,0.12796138840047705,0.12796138840047705,1.3458438994854862,2.054995533966064,2.054995533966064,0.5763720664363388,,,,,,0.0,0.0,0.0,0.0,0.16602138375479125,0.0,0.013864327663230895,06200000,Boulder River at Big Timber MT,45.8337944,-109.9387056,MT,,,BGTM8,0.9,boulder-timber,unknown,low,0,4,corridor,2026-04-20-static-v1
2025-11-02,89.2,5.47265625,9.05,3.6921875,1.8399786949157715,,,1.0,blend:dynamical+openmeteo,6.4516,,1.2903200000000001,131.45882835090424,1379.5982467485987,1.29032,6.4516,,1.2903200000000001,4,0.6471312365031698,2005.0,,609.9048,,648.8666374673677,,-1395.0952,,,,,,,,,,,89.6,,,,,,,,,,0,0,0,,,,,none,0,0,1.0,,,,,,,5.3578125000000005,5.47265625,0.0,5.47265625,5.47265625,0.0,1.0,0.0,1.8399786949157715,1.8399786949157715,1.8399786949157715,,1.0,,1.8399786949157715,1.8399786949157715,1.0,1.0,0.0,0.0,0.0,0.0,,14.540775049999999,,14.28752310646211,14.414149078231056,0.0,0.0,1.8399786949157715,0.0,1.8399786949157715,1.0,14.414149078231056,14.414149078231056,131.45882835090424,131.45882835090424,719.4289785922533,1894.867149499521,250.0,0.6471312365031698,,,,,,0.0,0.0,0.0,0.0,0.3601198828220367,1.0,0.25919989347457884,06204050,West Rosebud Creek near Roscoe MT,45.24323889,-109.7313028,MT,,,MYSM8,0.04,rosebud-roscoe,unknown,low,0,4,tributary,2026-04-20-static-v1
2025-11-02,97.1,5.72265625,9.3,3.8921875,1.8399786949157715,,,1.0,blend:dynamical+openmeteo,6.4516,,1.2903200000000001,62.21821036207462,593.9411755164141,1.29032,6.4516,,1.2903200000000001,4,0.6461972973674446,1931.0,,609.9048,,633.3998363082616,,-1321.0952,,,,,,,,,,,97.2,,,,,,,,,,0,0,0,,,,,none,0,0,1.0,,,,,,,5.4078125,5.72265625,0.0,5.72265625,5.72265625,0.0,1.0,0.0,1.8399786949157715,1.8399786949157715,1.8399786949157715,,1.0,,1.8399786949157715,1.8399786949157715,1.0,1.0,0.0,0.0,0.0,0.0,,14.30977505,,14.157057313996301,14.233416181998152,0.0,0.0,1.8399786949157715,0.0,1.8399786949157715,1.0,14.233416181998152,14.233416181998152,62.21821036207462,62.21821036207462,356.0534303923411,885.5776821825181,250.0,0.6461972973674446,,,,,,0.0,0.0,0.0,0.0,0.3601198828220367,1.0,0.25919989347457884,06204070,W Rosebud Cr at Emerald Lk Campground nr Roscoe,45.25438735,-109.6998945,MT,,,MYSM8,2.72,rosebud-emerald,unknown,low,0,4,corridor,2026-04-20-static-v1
2025-11-02,539.0,10.01484375,16.7625,5.071875,0.5438921809196472,,,0.0,blend:dynamical+openmeteo,0.5156200000000001,,,0.14982948222967324,,0.0,0.5156200000000001,,,4,0.3276056079758688,1205.0,,425.5008,,399.7005398320847,,-779.4992,,,,,,,,,,,525.0,,,,,,,,,,0,0,0,,,,,none,0,0,1.0,,,,,,,11.690624999999999,10.01484375,0.0,10.01484375,10.01484375,0.0,1.0,0.0,0.5438921809196472,0.5438921809196472,0.5438921809196472,,1.0,,0.5438921809196472,0.5438921809196472,0.0,1.0,0.0,0.0,0.0,0.0,,15.08158855,,15.249290241091451,15.165439395545725,0.0,0.0,0.5438921809196472,0.0,0.5438921809196472,1.0,15.165439395545725,15.165439395545725,0.14982948222967324,0.14982948222967324,1.5005188536735792,2.2722299324201045,2.2722299324201045,0.3276056079758688,,,,,,0.0,0.0,0.0,0.0,0.159050686814845,0.0,0.007453273263806787,06205000,"Stillwater River near Absarokee, MT",45.53674167,-109.4220556,MT,,,KEEM8,14.91,stillwater-absarokee,unknown,low,0,4,corridor,2026-04-20-static-v1
2025-11-02,354.0,10.23828125,14.65,7.675,0.0,,,0.0,blend:dynamical+openmeteo,0.0,,0.0,14.758575371915246,232.2576,0.0,0.0,,0.0,4,0.3792414350432125,1217.0,,382.8288,,461.83640412048175,,-834.1712,,,,,,,,,,,352.0,,,,,,,,,,0,0,0,,,,,none,0,0,1.0,,,,,,,6.9750000000000005,10.23828125,0.0,10.23828125,10.23828125,0.0,1.0,0.0,0.0,0.0,0.0,,,,0.0,0.0,0.0,1.0,0.0,0.0,0.0,0.0,,15.66039405,,15.146844623216868,15.403619336608434,0.0,0.0,0.0,0.0,0.0,1.0,15.403619336608434,15.403619336608434,14.758575371915246,14.758575371915246,151.10244550699164,227.3354769796267,227.3354769796267,0.3792414350432125,,,,,,0.0,0.0,0.0,0.0,0.35,1.0,0.25,06207500,Clarks Fork Yellowstone River nr Belfry MT,45.0099111,-109.0653667,MT,,,CLAW4,9.93,clarks-belfry,unknown,low,0,4,mainstem,2026-04-20-static-v1
2025-11-02,625.0,11.672265625,15.825,8.1625,0.12472271919250488,,,0.0,blend:dynamical+openmeteo,,,0.0,0.0,,0.0,,,0.0,4,0.4290462190119835,1048.0,,324.9168,,332.39497485371913,,-723.0832,,,,,,,,,,,608.0,,,,,,,,,,0,0,0,,,,,none,0,0,1.0,,,,,,,7.6625,11.672265625,0.0,11.672265625,11.672265625,0.0,1.0,0.0,0.12472271919250488,0.12472271919250488,0.12472271919250488,,1.0,,0.12472271919250488,0.12472271919250488,0.0,1.0,0.0,0.0,0.0,0.0,,16.372306424999998,,16.323698288450824,16.34800235672541,0.0,0.0,0.12472271919250488,0.0,0.12472271919250488,1.0,16.34800235672541,16.34800235672541,0.0,0.0,0.0,0.0,0.0,0.4290462190119835,,,,,,0.0,0.0,0.0,0.0,0.15068597495555877,0.0,0.0006236135959625244,06208500,Clarks Fork Yellowstone River at Edgar MT,45.46571389,-108.8441056,MT,,,MT-CB-12,5.42,clarks-edgar,unknown,low,0,4,mainstem,2026-04-20-static-v1
2025-11-02,62.1,8.41796875,12.7875,5.375,0.7799334526062012,,,0.0,blend:dynamical+openmeteo,90.3224,232.2576,,29.036400629383493,147.13171159259377,0.0,90.3224,232.2576,,4,0.5158329670075464,1952.0,,733.9584,,580.6301686429199,,-1218.0416,,,,,,,,,,,60.0,,,,,,,,,,0,0,0,,,,,none,0,0,1.0,,,,,,,7.4125,8.41796875,0.0,8.41796875,8.41796875,0.0,1.0,0.0,0.7799334526062012,0.7799334526062012,0.7799334526062012,,1.0,,0.7799334526062012,0.7799334526062012,0.0,1.0,0.0,0.0,0.0,0.0,,16.33523915,,17.331872653821023,16.83355590191051,0.0,0.0,0.7799334526062012,0.0,0.7799334526062012,1.0,16.83355590191051,16.83355590191051,29.036400629383493,29.036400629383493,244.42751311063057,488.7858731849966,250.0,0.5158329670075464,,,,,,0.0,0.0,0.0,0.0,0.3542896339893341,1.0,0.253899667263031,06209500,Rock Creek near Red Lodge MT,45.0861472,-109.3291889,MT,,,CLCM8,12.06,rock-red,unknown,low,0,4,tributary,2026-04-20-static-v1
2025-11-02,3590.0,12.046875,17.7375,9.35625,0.2147449016571045,,,0.0,blend:dynamical+openmeteo,0.0,,0.0,0.0,,0.0,0.0,,0.0,4,0.9021376221499932,939.0,,294.132,,302.96501092539796,,-644.8679999999999,,,,,,,,,,,3550.0,,,,,,,,,,0,0,0,,,,,none,0,0,1.0,,,,,,,8.381250000000001,12.046875,0.0,12.046875,12.046875,0.0,1.0,0.0,0.2147449016571045,0.2147449016571045,0.2147449016571045,,1.0,,0.2147449016571045,0.2147449016571045,0.0,1.0,0.0,0.0,0.0,0.0,,16.238516999999998,,16.181102428984914,16.209809714492458,0.0,0.0,0.2147449016571045,0.0,0.2147449016571045,1.0,16.209809714492458,16.209809714492458,0.0,0.0,0.0,0.0,0.0,0.9021376221499932,,,,,,0.0,0.0,0.0,0.0,0.15118109695911408,0.0,0.0010737245082855225,06214500,Yellowstone River at Billings MT,45.800119,-108.468031,MT,,,MT-YS-14,4.04,billings-billings,unknown,low,0,4,mainstem,2026-04-20-static-v1
2025-11-02,2060.0,12.92578125,18.8375,9.3,0.029933452606201172,,,0.0,blend:dynamical+openmeteo,0.0,0.0,0.0,0.18385117870039688,0.0,0.0,0.0,0.0,0.0,4,0.27979012784199087,936.0,,304.4952,,306.469020330203,,-631.5047999999999,,,,,,,,,,,2050.0,,,,,,,,,,0,0,0,,,,,none,0,0,1.0,,,,,,,9.537499999999998,12.92578125,0.0,12.92578125,12.92578125,0.0,1.0,0.0,0.029933452606201172,0.029933452606201172,0.029933452606201172,,1.0,,0.029933452606201172,0.029933452606201172,0.0,1.0,0.0,0.0,0.0,0.0,,17.030562449999998,,17.01773261785368,17.02414753392684,0.0,0.0,0.029933452606201172,0.0,0.029933452606201172,1.0,17.02414753392684,17.02414753392684,0.18385117870039688,0.18385117870039688,2.3764201184359894,3.1299095904819043,3.1299095904819043,0.27979012784199087,,,,,,0.0,0.0,0.0,0.0,0.1585110595639525,0.0,0.00667031224320164,06287800,"Bighorn River at bridge, at St. Xavier, MT",45.46075278,-107.7493283,MT,,,MT-BH-6,21.16,bighorn-bridge,unknown,low,0,4,corridor,2026-04-20-static-v1
2025-11-02,1920.0,12.03671875,18.1875,7.7125,0.08481144905090332,,,0.0,blend:dynamical+openmeteo,0.0,,0.0,0.10357540553514244,,0.0,0.0,,0.0,4,0.3599149494574496,894.0,,270.0528,,280.98858690375204,,-623.9472000000001,,,,,,,,,,,1910.0,,,,,,,,,,0,0,0,,,,,none,0,0,1.0,,,,,,,10.475,12.03671875,0.0,12.03671875,12.03671875,0.0,1.0,0.0,0.08481144905090332,0.08481144905090332,0.08481144905090332,,1.0,,0.08481144905090332,0.08481144905090332,0.0,1.0,0.0,0.0,0.0,0.0,,16.09237555,,16.02129293512561,16.056834242562807,0.0,0.0,0.08481144905090332,0.0,0.08481144905090332,1.0,16.056834242562807,16.056834242562807,0.10357540553514244,0.10357540553514244,1.2467080258437029,1.6630931182840045,1.6630931182840045,0.3599149494574496,,,,,,0.0,0.0,0.0,0.0,0.15490137795187064,0.0,0.0038888345750128592,06288400,"Bighorn River at Two Leggins Bridge, near Hardin",45.6440863,-107.6582164,MT,,,HDNM8,10.55,bighorn-two,unknown,low,0,4,corridor,2026-04-20-static-v1
2025-11-02,87.4,12.30546875,18.0875,6.884375,0.0,,,0.0,blend:dynamical+openmeteo,148.3868,432.2572,,128.42717469824586,562.3131686860676,0.0,148.3868,432.2572,,4,0.29574981205157186,1322.0,,736.7016,,750.0236611038953,,-585.2984,,,,,,,,,,,84.2,,,,,,,,,,0,0,0,,,,,none,0,0,1.0,,,,,,,11.203124999999998,12.30546875,0.0,12.30546875,12.30546875,0.0,1.0,0.0,0.0,0.0,0.0,,,,0.0,0.0,0.0,1.0,0.0,0.0,0.0,0.0,,16.109908349999998,,16.02331495282468,16.066611651412337,0.0,0.0,0.0,0.0,0.0,1.0,16.066611651412337,16.066611651412337,128.42717469824586,128.42717469824586,1580.3565849000552,2063.3895413648047,250.0,0.29574981205157186,,,,,,0.0,0.0,0.0,0.0,0.35,1.0,0.25,06289000,Little Bighorn River at State Line nr Wyola MT,45.0071111,-107.6154083,MT,,,BRJW4,25.32,bighorn-state,unknown,low,0,4,corridor,2026-04-20-static-v1
2025-11-02,177.0,11.65390625,17.65,7.38125,0.17982254028320313,,,0.0,blend:dynamical+openmeteo,,,0.0,0.0,,0.0,,,0.0,4,0.7032884550147662,881.0,,268.8336,,272.2837764733892,,-612.1664000000001,,,,,,,,,,,178.0,,,,,,,,,,0,0,0,,,,,none,0,0,1.0,,,,,,,10.268749999999999,11.65390625,0.0,11.65390625,11.65390625,0.0,1.0,0.0,0.17982254028320313,0.17982254028320313,0.17982254028320313,,1.0,,0.17982254028320313,0.17982254028320313,0.0,1.0,0.0,0.0,0.0,0.0,,15.632987850000001,,15.61056170292297,15.621774776461486,0.0,0.0,0.17982254028320313,0.0,0.17982254028320313,1.0,15.621774776461486,15.621774776461486,0.0,0.0,0.0,0.0,0.0,0.7032884550147662,,,,,,0.0,0.0,0.0,0.0,0.1509890239715576,0.0,0.0008991127014160155,06294000,Little Bighorn River near Hardin MT,45.7356861,-107.5574694,MT,,,MT-BH-2,3.46,bighorn-hardin,unknown,low,0,4,corridor,2026-04-20-static-v1
2025-11-02,2250.0,11.7984375,17.925,9.075,0.3247227191925049,,,0.0,blend:dynamical+openmeteo,0.0,,0.0,0.800904537665399,,0.0,0.0,,0.0,4,0.16161701380320193,823.0,,287.4264,,288.9225549210334,,-535.5735999999999,,,,,,,,,,,2240.0,,,,,,,,,,0,0,0,,,,,none,0,0,1.0,,,,,,,8.850000000000001,11.7984375,0.0,11.7984375,11.7984375,0.0,1.0,0.0,0.3247227191925049,0.3247227191925049,0.3247227191925049,,1.0,,0.3247227191925049,0.3247227191925049,0.0,1.0,0.0,0.0,0.0,0.0,,15.279665900000001,,15.269940893013283,15.274803396506641,0.0,0.0,0.3247227191925049,0.0,0.3247227191925049,1.0,15.274803396506641,15.274803396506641,0.800904537665399,0.800904537665399,9.449422131111607,12.233659352209019,12.233659352209019,0.16161701380320193,,,,,,0.0,0.0,0.0,0.0,0.18440906656144948,0.0,0.027110403913064646,06294500,Bighorn River ab Tullock Cr nr Bighorn MT,46.1244722,-107.4687917,MT,,,HSMM8,33.12,bighorn-tullock,unknown,low,0,4,corridor,2026-04-20-static-v1
2025-11-02,5800.0,12.446875,16.55,10.46875,0.04988908767700195,,,0.0,blend:dynamical+openmeteo,1.8059399999999999,,,1.9257065816043804,,,1.8059399999999999,,,4,0.19213740052996017,764.0,,266.0904,,259.7863147557432,,-497.9096,,,,,,,,,,,5710.0,,,,,,,,,,0,0,0,,,,,none,0,0,1.0,,,,,,,6.081250000000001,12.446875,0.0,12.446875,12.446875,0.0,1.0,0.0,0.04988908767700195,0.04988908767700195,0.04988908767700195,,1.0,,0.04988908767700195,0.04988908767700195,0.0,1.0,0.0,0.0,0.0,0.0,,15.683287400000001,,15.72426395408767,15.703775677043836,0.0,0.0,0.04988908767700195,0.0,0.04988908767700195,1.0,15.703775677043836,15.703775677043836,1.9257065816043804,1.9257065816043804,23.969029107907023,30.2408641773221,30.2408641773221,0.19213740052996017,,,,,,0.0,0.0,0.0,0.0,0.23091669445508245,0.0,0.06325124580780604,06295000,Yellowstone River at Forsyth MT,46.266636,-106.691303,MT,,,FSSM8,9.75,forsyth-forsyth,unknown,low,0,4,mainstem,2026-04-20-static-v1
2025-11-02,5.11,11.2734375,17.45,7.18125,0.45,,,0.0,blend:dynamical+openmeteo,0.7746999999999999,,,0.5831532918394883,,,0.7746999999999999,,,4,0.1296370194429296,1153.0,,332.232,,321.0834172771746,,-820.768,,,,,,,,,,,4.73,,,,,,,,,,0,0,0,,,,,none,0,0,1.0,,,,,,,10.268749999999999,11.2734375,0.0,11.2734375,11.2734375,0.0,1.0,0.0,0.45,0.45,0.45,,1.0,,0.45,0.45,0.0,1.0,0.0,0.0,0.0,0.0,,16.6084295,,16.680895287698366,16.64466239384918,0.0,0.0,0.45,0.0,0.45,1.0,16.64466239384918,16.64466239384918,0.5831532918394883,0.5831532918394883,6.574142188471731,9.706389666530088,9.706389666530088,0.1296370194429296,,,,,,0.0,0.0,0.0,0.0,0.17835870577741358,0.0,0.02247164513860435,06295113,Rosebud C at Reservation Bndry nr Kirby MT,45.36116667,-106.9903556,MT,,,BUSM8,18.09,rosebud-reservation,unknown,low,0,4,corridor,2026-04-20-static-v1
2025-11-02,12.0,11.524609375,17.3375,8.75625,0.01001805067062378,,,0.0,blend:dynamical+openmeteo,0.0,,,0.3022704160837573,,0.0,0.0,,,4,0.17530868274045283,959.0,,394.4112,,340.05633336207285,,-564.5888,,,,,,,,,,,12.0,,,,,,,,,,0,0,0,,,,,none,0,0,1.0,,,,,,,8.581249999999999,11.524609375,0.0,11.524609375,11.524609375,0.0,1.0,0.0,0.01001805067062378,0.01001805067062378,0.01001805067062378,,1.0,,0.01001805067062378,0.01001805067062378,0.0,1.0,0.0,0.0,0.0,0.0,,15.194436575000001,,15.547743208146528,15.371089891573265,0.0,0.0,0.01001805067062378,0.0,0.01001805067062378,1.0,15.371089891573265,15.371089891573265,0.3022704160837573,0.3022704160837573,3.4835484709840205,4.646225737186687,4.646225737186687,0.17530868274045283,,,,,,0.0,0.0,0.0,0.0,0.16244503457785292,0.0,0.009729727205825383,06295220,Rosebud C Bel Lame Deer C nr Lame Deer MT,45.67582545,-106.700309,MT,,,LMDM8,16.65,rosebud-bel,unknown,low,0,4,corridor,2026-04-20-static-v1
2025-11-02,187.0,9.95,16.9125,6.684375,0.0,,,0.0,blend:dynamical+openmeteo,0.0,,,0.0,,0.0,0.0,,,4,0.18355437423380044,1049.0,,347.47200000000004,,348.60051523712417,,-701.528,,,,,,,,,,,200.0,,,,,,,,,,0,0,0,,,,,none,0,0,1.0,,,,,,,10.228125000000002,9.95,0.0,9.95,9.95,0.0,1.0,0.0,0.0,0.0,0.0,,,,0.0,0.0,0.0,1.0,0.0,0.0,0.0,0.0,,14.509932,,14.502596650958692,14.506264325479346,0.0,0.0,0.0,0.0,0.0,1.0,14.506264325479346,14.506264325479346,0.0,0.0,0.0,0.0,0.0,0.18355437423380044,,,,,,0.0,0.0,0.0,0.0,0.15,0.0,0.0,06306300,Tongue River at State Line nr Decker MT,45.0091361,-106.8359444,MT,,,SHMW4,18.72,tongue-state,unknown,low,0,4,corridor,2026-04-20-static-v1
2025-11-02,227.0,10.51328125,17.25,7.803125,0.05,,,0.0,blend:dynamical+openmeteo,0.5816600000000001,,,0.8581950757045111,,0.0,0.5816600000000001,,,4,0.20684923391683924,930.0,,296.2656,,312.8752573903602,,-633.7344,,,,,,,,,,,229.0,,,,,,,,,,0,0,0,,,,,none,0,0,1.0,,,,,,,9.446875,10.51328125,0.0,10.51328125,10.51328125,0.0,1.0,0.0,0.05,0.05,0.05,,1.0,,0.05,0.05,0.0,1.0,0.0,0.0,0.0,0.0,,14.632554850000002,,14.524592076962659,14.57857346348133,0.0,0.0,0.05,0.0,0.05,1.0,14.57857346348133,14.57857346348133,0.8581950757045111,0.8581950757045111,9.022446198246568,12.511259957156138,12.511259957156138,0.20684923391683924,,,,,,0.0,0.0,0.0,0.0,0.1836383598857497,0.0,0.026315124910741956,06307616,Tongue R at Birney Day School Br nr Birney MT,45.41160556,-106.4573528,MT,,,BYSM8,9.38,tongue-birney,unknown,low,0,4,corridor,2026-04-20-static-v1
2025-11-02,228.0,10.3578125,15.925,6.75,0.0,,,0.0,blend:dynamical+openmeteo,2.71018,,,1.3348661829847743,,0.0,2.71018,,,4,0.3152017862822144,889.0,,295.9608,,309.79320685909687,,-593.0391999999999,,,,,,,,,,,228.0,,,,,,,,,,0,0,0,,,,,none,0,0,1.0,,,,,,,9.175,10.3578125,0.0,10.3578125,10.3578125,0.0,1.0,0.0,0.0,0.0,0.0,,,,0.0,0.0,0.0,1.0,0.0,0.0,0.0,0.0,,14.2125673,,14.12265665541587,14.167611977707935,0.0,0.0,0.0,0.0,0.0,1.0,14.167611977707935,14.167611977707935,1.3348661829847743,1.3348661829847743,13.826293635946982,18.91186612269236,18.91186612269236,0.3152017862822144,,,,,,0.0,0.0,0.0,0.0,0.2004316429938463,0.0,0.039399721088942415,06307662,"Tongue River at Ashland, MT",45.59775,-106.2749444,MT,,,ASAM8,10.62,tongue-ashland,unknown,low,0,4,corridor,2026-04-20-static-v1
2025-11-02,223.0,11.6078125,16.9125,8.425,0.0,,,0.0,blend:dynamical+openmeteo,0.0,,0.0,0.33385872977104714,,0.0,0.0,,0.0,4,0.5015669390401356,842.0,,257.25120000000004,,280.5412006317811,,-584.7488,,,,,,,,,,,219.0,,,,,,,,,,0,0,0,,,,,none,0,0,1.0,,,,,,,8.4875,11.6078125,0.0,11.6078125,11.6078125,0.0,1.0,0.0,0.0,0.0,0.0,,,,0.0,0.0,0.0,1.0,0.0,0.0,0.0,0.0,,15.4086797,,15.257294695893423,15.33298719794671,0.0,0.0,0.0,0.0,0.0,1.0,15.33298719794671,15.33298719794671,0.33385872977104714,0.33385872977104714,3.875369536670483,5.119051629502216,5.119051629502216,0.5015669390401356,,,,,,0.0,0.0,0.0,0.0,0.16365080434533924,0.0,0.010664690894796285,06307830,Tongue R bl Brandenberg bridge nr Ashland MT,45.8403861,-106.2234333,MT,,,BDBM8,2.77,tongue-brandenberg,unknown,low,0,4,corridor,2026-04-20-static-v1
2025-11-02,256.0,11.72421875,15.85,9.39375,0.05,,,0.0,blend:dynamical+openmeteo,0.0,,,0.46276205401489934,,0.0,0.0,,,4,0.19057540714826765,715.0,,249.3264,,243.0697226820681,,-465.67359999999996,,,,,,,,,,,254.0,,,,,,,,,,0,0,0,,,,,none,0,0,1.0,,,,,,,6.456249999999999,11.72421875,0.0,11.72421875,11.72421875,0.0,1.0,0.0,0.05,0.05,0.05,,1.0,,0.05,0.05,0.0,1.0,0.0,0.0,0.0,0.0,,14.75109715,,14.791765552566558,14.77143135128328,0.0,0.0,0.05,0.0,0.05,1.0,14.77143135128328,14.77143135128328,0.46276205401489934,0.46276205401489934,5.425523550469996,6.83565791285993,6.83565791285993,0.19057540714826765,,,,,,0.0,0.0,0.0,0.0,0.1685034211009598,0.0,0.014490953985124854,06308500,"Tongue River at Miles City, MT",46.3845944,-105.8455222,MT,,,MCYM8,8.66,tongue-miles,unknown,low,0,4,corridor,2026-04-20-static-v1
2025-11-02,6290.0,11.67421875,15.8,9.14375,0.0,,,0.0,blend:dynamical+openmeteo,0.0,,,0.4181413731743879,,0.0,0.0,,,4,0.2117273673293502,711.0,,249.3264,,243.6878514379543,,-461.67359999999996,,,,,,,,,,,6300.0,,,,,,,,,,0,0,0,,,,,none,0,0,1.0,,,,,,,6.65625,11.67421875,0.0,11.67421875,11.67421875,0.0,1.0,0.0,0.0,0.0,0.0,,,,0.0,0.0,0.0,1.0,0.0,0.0,0.0,0.0,,14.67509715,,14.711747715653297,14.693422432826647,0.0,0.0,0.0,0.0,0.0,1.0,14.693422432826647,14.693422432826647,0.4181413731743879,0.4181413731743879,4.881473858863186,6.143927832693489,6.143927832693489,0.2117273673293502,,,,,,0.0,0.0,0.0,0.0,0.1663838075538493,0.0,0.012799849651444768,06309000,"Yellowstone River at Miles City, MT",46.4207722,-105.8600333,MT,,,MCYM8,7.43,miles-city,unknown,low,0,4,mainstem,2026-04-20-static-v1
2025-11-02,200.0,10.41484375,16.075,7.24375,0.05,,,0.0,blend:dynamical+openmeteo,0.0,,,0.3492189702771916,,0.0,0.0,,,4,0.2805697706523755,1020.0,,326.7456,,336.23490048773687,,-693.2544,,,,,,,,,,,196.0,,,,,,,,,,0,0,0,,,,,none,0,0,1.0,,,,,,,8.831249999999999,10.41484375,0.0,10.41484375,10.41484375,0.0,1.0,0.0,0.05,0.05,0.05,,1.0,,0.05,0.05,0.0,1.0,0.0,0.0,0.0,0.0,,14.92099735,,14.859316896829709,14.890157123414856,0.0,0.0,0.05,0.0,0.05,1.0,14.890157123414856,14.890157123414856,0.3492189702771916,0.3492189702771916,3.637061009972845,5.199925337904525,5.199925337904525,0.2805697706523755,,,,,,0.0,0.0,0.0,0.0,0.1641414675677454,0.0,0.011083177787301094,06324500,Powder River at Moorhead MT,45.0571972,-105.8783778,MT,,,AVMW4,13.58,powder-moorhead,unknown,low,0,4,corridor,2026-04-20-static-v1
2025-11-02,197.0,11.38515625,15.075,9.25,0.05,,,0.0,blend:dynamical+openmeteo,0.0,,0.0,0.0,,0.0,0.0,,0.0,4,0.11887355656799159,729.0,,208.1784,,239.3002395557305,,-520.8216,,,,,,,,,,,204.0,,,,,,,,,,0,0,0,,,,,none,0,0,1.0,,,,,,,5.824999999999999,11.38515625,0.0,11.38515625,11.38515625,0.0,1.0,0.0,0.05,0.05,0.05,,1.0,,0.05,0.05,0.0,1.0,0.0,0.0,0.0,0.0,,14.77049665,,14.56820469288775,14.669350671443876,0.0,0.0,0.05,0.0,0.05,1.0,14.669350671443876,14.669350671443876,0.0,0.0,0.0,0.0,0.0,0.11887355656799159,,,,,,0.0,0.0,0.0,0.0,0.150275,0.0,0.00025,06326500,Powder River near Locate MT,46.4294361,-105.3103306,MT,,,TERM8,40.54,powder-locate,unknown,low,0,4,corridor,2026-04-20-static-v1
2025-11-02,6670.0,11.7578125,14.66875,9.48125,0.0,,,0.0,blend:dynamical+openmeteo,0.0,,0.0,0.477928900298465,,0.0,0.0,,0.0,4,0.5170286491595377,623.0,,192.3288,,201.02898470624172,,-430.6712,,,,,,,,,,,6650.0,,,,,,,,,,0,0,0,,,,,none,0,0,1.0,,,,,,,5.1875,11.7578125,0.0,11.7578125,11.7578125,0.0,1.0,0.0,0.0,0.0,0.0,,,,0.0,0.0,0.0,1.0,0.0,0.0,0.0,0.0,,14.5571753,,14.500624099409428,14.528899699704715,0.0,0.0,0.0,0.0,0.0,1.0,14.528899699704715,14.528899699704715,0.477928900298465,0.477928900298465,5.619398398040546,6.943781056026573,6.943781056026573,0.5170286491595377,,,,,,0.0,0.0,0.0,0.0,0.16851674948273754,0.0,0.014466210533388695,06327500,"Yellowstone River at Glendive, MT",47.10588889,-104.7184306,MT,,,GNDM8,0.07,glendive-glendive,unknown,low,0,4,mainstem,2026-04-20-static-v1
2025-11-02,6650.0,12.00703125,15.0125,9.13125,0.0,,,0.0,blend:dynamical+openmeteo,0.0,,0.0,0.0,,0.0,0.0,,0.0,4,0.5661101794243604,576.0,,177.08880000000002,,187.32575129801734,,-398.9112,,,,,,,,,,,6570.0,,,,,,,,,,0,0,0,,,,,none,0,0,1.0,,,,,,,5.88125,12.00703125,0.0,12.00703125,12.00703125,0.0,1.0,0.0,0.0,0.0,0.0,,,,0.0,0.0,0.0,1.0,0.0,0.0,0.0,0.0,,14.599954050000001,,14.533413866562888,14.566683958281445,0.0,0.0,0.0,0.0,0.0,1.0,14.566683958281445,14.566683958281445,0.0,0.0,0.0,0.0,0.0,0.5661101794243604,,,,,,0.0,0.0,0.0,0.0,0.15,0.0,0.0,06329500,Yellowstone River near Sidney MT,47.67741389,-104.1554111,MT,,,SIDM8,0.11,sidney-sidney,unknown,low,0,4,mainstem,2026-04-20-static-v1
2025-11-02,82.3,4.76580810546875,8.65,-0.5265625,2.686338704824448,,,1.0,blend:dynamical+openmeteo,554.8376,2541.9303999999997,,296.76269794756365,1614.3722693701131,,554.8376,2541.9303999999997,,4,0.3132429196643936,782.0,,565.0992,,530.4617818992635,,-216.9008,,,,,,,,,,,81.4,,,,,,,,,,0,0,0,,,,,none,0,0,1.0,,,,,,,9.176562500000001,4.76580810546875,0.0,4.76580810546875,4.76580810546875,0.0,1.0,0.0,2.686338704824448,2.686338704824448,2.686338704824448,,1.0,,2.686338704824448,2.686338704824448,1.0,1.0,0.0,0.0,0.0,0.0,,6.17566330546875,,6.400806523123537,6.288234914296144,0.0,0.0,2.686338704824448,0.0,2.686338704824448,1.0,6.288234914296144,6.288234914296144,296.76269794756365,296.76269794756365,1414.3140712792733,1866.1135584945903,250.0,0.3132429196643936,,,,,,0.0,0.0,0.0,0.0,0.36477486287653443,1.0,0.2634316935241222,12301250,"Tobacco River at Eureka, MT",48.8779472,-115.054461,MT,,,STAM8,14.42,tobacco-eureka,unknown,low,0,4,corridor,2026-04-20-static-v1
2025-11-02,110.0,5.503955078125,10.275,0.12812500000000004,2.7154326856136324,,,0.0,blend:dynamical+openmeteo,0.0,,0.0,46.762435198466996,834.217246761007,0.0,0.0,,0.0,4,0.5629507280678108,650.0,,201.168,,262.76283496571205,,-448.832,,,,,,,,,,,122.0,,,,,,,,,,0,0,0,,,,,none,0,0,1.0,,,,,,,10.146875,5.503955078125,0.0,5.503955078125,5.503955078125,0.0,1.0,0.0,2.7154326856136324,2.7154326856136324,2.7154326856136324,,1.0,,2.7154326856136324,2.7154326856136324,0.0,1.0,0.0,0.0,0.0,0.0,,8.421363078125001,,8.020996650847872,8.221179864486437,0.0,0.0,2.7154326856136324,0.0,2.7154326856136324,1.0,8.221179864486437,8.221179864486437,46.762435198466996,46.762435198466996,257.37834267609367,384.4423906679887,250.0,0.5629507280678108,,,,,,0.0,0.0,0.0,0.0,0.36493487977087496,1.0,0.26357716342806814,12302055,Fisher River near Libby MT,48.35560278,-115.31465,MT,,,LIBM8,6.05,fisher-libby,unknown,low,0,4,corridor,2026-04-20-static-v1
2025-11-02,268.0,4.57392578125,9.2,0.4624999999999999,2.6468509674072265,,,1.0,blend:dynamical+openmeteo,,,0.0,238.78812331938357,1041.381537809534,0.0,,,0.0,4,0.2813534904201649,596.0,,178.61280000000002,,251.28084291935411,,-417.3872,,,,,,,,,,,234.0,,,,,,,,,,0,0,0,,,,,none,0,0,1.0,,,,,,,8.737499999999999,4.57392578125,0.0,4.57392578125,4.57392578125,0.0,1.0,0.0,2.6468509674072265,2.6468509674072265,2.6468509674072265,,1.0,,2.6468509674072265,2.6468509674072265,1.0,1.0,0.0,0.0,0.0,0.0,,7.28694258125,,6.814600302274199,7.0507714417621,0.0,0.0,2.6468509674072265,0.0,2.6468509674072265,1.0,7.0507714417621,7.0507714417621,238.78812331938357,238.78812331938357,1092.1991535068328,1683.6404805322761,250.0,0.2813534904201649,,,,,,0.0,0.0,0.0,0.0,0.3645576803207397,1.0,0.2632342548370361,12304500,Yaak River near Troy MT,48.5617222,-115.9701583,MT,,,MT-LN-9,12.7,yaak-troy,unknown,low,0,4,corridor,2026-04-20-static-v1
2025-11-02,10.2,7.344140625,15.225,3.4703125,0.6496672630310059,,,1.0,blend:dynamical+openmeteo,0.0,,0.0,27.736670217555286,406.8167641546471,0.0,0.0,,0.0,4,0.5606398785255431,1661.0,,534.0096,,561.544436580437,,-1126.9904000000001,,,,,,,,,,,9.74,,,,,,,,,,0,0,0,,,,,none,0,0,1.0,,,,,,,11.7546875,7.344140625,0.0,7.344140625,7.344140625,0.0,1.0,0.0,0.6496672630310059,0.6496672630310059,0.6496672630310059,,1.0,,0.6496672630310059,0.6496672630310059,1.0,1.0,0.0,0.0,0.0,0.0,,14.669578225,,14.49060178722716,14.58009000611358,0.0,0.0,0.6496672630310059,0.0,0.6496672630310059,1.0,14.58009000611358,14.58009000611358,27.736670217555286,27.736670217555286,203.70200654697535,404.403148241846,250.0,0.5606398785255431,,,,,,0.0,0.0,0.0,0.0,0.3535731699466705,1.0,0.25324833631515503,12323233,"Blacktail Creek above Grove Gulch, at Butte, MT",45.9912694,-112.5273583,MT,,,MTTM8,3.38,blacktail-grove,unknown,low,0,4,tributary,2026-04-20-static-v1
2025-11-02,33.6,7.9892578125,16.35,3.415625,0.4652472734451294,,,0.0,blend:dynamical+openmeteo,0.0,,0.00508,171.40131196034238,1427.803248674165,0.002630542670136293,0.0,,0.00508,4,0.2984146475733692,1465.0,,537.0576,,624.8532469279779,,-927.9424,,,,,,,,,,,35.4,,,,,,,,,,0,0,0,,,,,none,0,0,1.0,,,,,,,12.934375000000001,7.9892578125,0.0,7.9892578125,7.9892578125,0.0,1.0,0.0,0.4652472734451294,0.4652472734451294,0.4652472734451294,,1.0,,0.4652472734451294,0.4652472734451294,0.0,1.0,0.0,0.0,0.0,0.0,,14.0208834125,,13.450211707468144,13.735547559984072,0.0,0.0,0.4652472734451294,0.0,0.4652472734451294,1.0,13.735547559984072,13.735547559984072,171.40131196034238,171.40131196034238,1369.369270651915,2354.2908722749494,250.0,0.2984146475733692,,,,,,0.0,0.0,0.0,0.0,0.3525588600039482,1.0,0.2523262363672256,12323750,Silver Bow Creek at Warm Springs MT,46.1794972,-112.780561,MT,,,MT-DL-1,23.51,silver-bow,unknown,low,0,4,tributary,2026-04-20-static-v1
2025-11-02,48.7,7.03212890625,15.75,2.15224609375,1.2699034452438354,,,0.0,blend:dynamical+openmeteo,0.0,,0.00508,176.01188138939946,1348.7866038059808,0.0034182173151642,0.0,,0.00508,4,0.39510609651186335,1565.0,,537.0576,,632.6106258010318,,-1027.9424,,,,,,,,,,,47.4,,,,,,,,,,0,0,0,,,,,none,0,0,1.0,,,,,,,13.59775390625,7.03212890625,0.0,7.03212890625,7.03212890625,0.0,1.0,0.0,1.2699034452438354,1.2699034452438354,1.2699034452438354,,1.0,,1.2699034452438354,1.2699034452438354,0.0,1.0,0.0,0.0,0.0,0.0,,13.713754506249998,,13.092659838543293,13.403207172396645,0.0,0.0,1.2699034452438354,0.0,1.2699034452438354,1.0,13.403207172396645,13.403207172396645,176.01188138939946,176.01188138939946,1237.7382389618424,2359.1237110654265,250.0,0.39510609651186335,,,,,,0.0,0.0,0.0,0.0,0.35698446894884106,1.0,0.2563495172262192,12323760,Warm Springs Creek near Anaconda MT,46.13366667,-112.9031528,MT,,,MT-DL-1,14.49,warm-springs,unknown,low,0,4,tributary,2026-04-20-static-v1
